521	-0.00092108841158567052	0.1066429790443016
768	0.0018745488072476665	-0.22655048030426592
1377	0.00012775315611121205	-0.093014981525382581
1741	-0.0014429086959653514	-0.2964684818452058
2001	0.00027131201731678376	-0.28378852150251799
2396	-0.0015491378789715439	-0.22889923632155945
4376	-0.00047489530623820247	-0.17174948410713972
5585	0.00058313743833142504	-0.43669013281734098
5754	0.0012627823409264607	-0.24801155303242517
7513	0.00052012073547470024	-0.11706139196663934
7636	-0.00077765775290261846	-0.17545229796796935
8367	-0.0011568634262265759	-0.083785926327082233
9435	0.0015399335515325634	-0.16913849735103217
9498	0.00095912153557290217	-0.093543174863164463
9899	0.00023202279597365843	-0.0703904069115176
10876	-0.00018466608020830072	-0.12390074106315668
11045	0.0015694488773281461	-0.20875065578442481
12419	-0.0003943269777572382	0.025865439317976587
12593	0.00061674754272242035	-0.046543722230228367
13703	-0.00034931699387457001	-0.16997298033404096
17647	0.0014707193178570581	-0.23437071424877157
29699	0.0015344320976504759	-0.35527517807257258
30627	9.7108867709020785e-05	-0.19961876083662683
31509	0.0025737018597994559	0.044798655712576074
32769	0.0018825388937449674	-0.48434182994815378
32972	0.0008587450966177437	-0.28609821978743316
33787	-0.00085446952808075096	-0.18763072857509894
34969	0.00068369682773718014	-0.16741050246784148
37544	0.0013822965680186667	-0.13146796244564948
37779	0.00019179831986777525	-0.18067021819423587
37825	0.00045461230645697261	-0.32019226441180415
37993	-0.00098286259042981369	-0.12698521144901484
38414	-0.00080843958063509219	-0.27031896253744248
38945	0.0010512931486595686	-0.24634430648463862
39420	-0.0023061144743006224	-0.25156770163856063
40533	0.0010200529668629643	-0.12290027538143546
40780	-0.00076136070527966018	-0.34536450602849067
40917	0.0020977092060879025	-0.092045023213178243
43511	-0.00045920315506646102	-0.16135144044071109
43933	0.00041122392323287996	-0.25962573799330368
44110	0.00019232965730517425	-0.28997559586283222
44148	-0.0015792858247145722	-0.10866878649609293
44533	0.00042682071375505122	-0.12015846513168289
44711	0.00052643326592525293	-0.062734223618024193
45079	0.00064126941187084567	-0.40016934824258976
45874	0.00071210193795556882	-0.35415199350780546
46694	0.0024357633236800754	0.062248921163141277
47836	0.0017550422665414127	-0.064111715512336367
48223	-0.00027793974639226705	-0.29982214324248024
48544	0.00055436747267654943	-0.26131337989662745
48794	-0.0019254135620215287	-0.032013405779499286
48906	-7.0130586328535048e-06	-0.25527044663514453
49378	-0.0019236485177242613	-0.049284949751931907
49862	-0.0013480231282549408	-0.27687987047630513
50025	0.00012778698108215645	-0.14369928535254148
51127	0.00034882236269576919	-0.22676754304634794
51298	-0.001709140145850584	-0.1918859241725335
51760	8.135426551792108e-05	-0.051013173093387508
52092	-0.0015197783343211652	-0.069451459161581991
52279	0.0019737064491725034	-0.16615972762382217
53377	0.00084863758443988468	-0.1267252187444346
53567	-0.00035885433888831458	-0.16859592130846465
53922	0.0018888941700770459	-0.26197218010423995
53933	0.0010908428983261243	-0.23304597747894656
63724	0.0009524194998082082	-0.36962782985513093
64474	0.0033167582968637423	-0.56782853288959767
65422	0.0022537550265938548	-0.23354432014790205
67397	0.0015209367014183185	-0.23535803940990524
67469	0.0012572546045991253	-0.2868070212592384
67605	0.0032895285339741938	-0.16344219446650507
67836	0.0013447722210616084	-0.38415414712139179
67954	0.0025380659054125496	-0.34989830540809264
68344	0.0019928830600303349	-0.21326916701234588
68413	0.0020052551636980426	-0.2508149969675183
68663	0.0029755412044951499	-0.24132296337990292
69058	0.00018540029071714486	-0.079306562674446662
70339	0.00025320347201268547	-0.028767113346670738
70542	0.0015638531606078719	-0.14340665699447869
70545	-2.0013754414848232e-05	0.036853786304800178
70688	-0.00034591023891467933	-0.046896896937017457
71553	0.0019584030289807736	-0.17855938634863525
71999	-0.00048592988082053236	-0.30863625390585991
72419	-0.00061333472509125624	-0.265198574552027
72919	0.00073508784807383137	-0.11988749372816827
74238	-0.0010913321301251463	-0.13332698737201648
75068	-0.0018957948983972339	-0.30152150479322648
75642	-0.001162395889541392	-0.066293734727504341
77243	0.002581676983935504	-0.027345653886153558
77308	-0.00046297358316563708	-0.16259891756243586
77457	-0.00235723157538981	-0.11233659469365948
78203	-0.0017109514046975706	-0.23278404761943169
78239	-0.00099196766277114836	-0.44022061325474277
78731	0.00027310309288912068	-0.071633677372231711
78967	-0.00017604973977280005	-0.23515341901982509
80122	-0.00036548765822655893	-0.18399703682350152
80542	0.00043513619983210868	-0.031206824852575862
80627	-0.00080175995154544571	-0.074285061256872578
82030	-0.00082987344144420353	-0.070523470378847236
82043	-0.0027393076591309307	-0.45592173774544992
82814	0.00028077287777854905	-0.054435471632656829
83253	0.0013238964250628401	-0.22799790313082469
83393	0.0014970373000736472	-0.26843176847385181
84078	0.0032017032096990977	-0.12857226382007089
84403	-0.00041158272580402503	-0.1807921412014547
85133	0.00062352455139504537	-0.31088178964166169
85201	0.0011804705735395612	-0.069498637167039218
85324	-0.00079437288231003645	-0.33117162032839131
85617	-0.00114108126964596	-0.31977556661923107
87391	0.0015112062340271728	-0.2806860685374295
87500	-0.0010244772841305155	-0.093627002149614766
89588	0.00078641817796546451	-0.25206466040504488
89952	-0.0011721773544283434	-0.24640091911865411
89974	0.0047477288311836086	-0.43167575894347909
89980	8.1004188388725056e-05	-0.2908852829644244
90894	0.00071749299225933212	-0.081146202565056988
91360	0.0012750862803670383	-0.059448638126023357
91824	0.0017156870119289565	-0.011311724414592491
91994	-0.00062243371684260419	-0.154836633217246
93144	0.0001296942680831881	-0.34954973400603961
94724	0.00095237315870937015	-0.22767964165314297
95004	0.0004539015757674598	-0.12711288390268755
95050	0.001944704499666129	0.031182874134753506
95142	0.0011088247037108834	-0.12865386616589439
96423	-0.00048993922447057505	-0.18960591467051172
96736	0.002201973727072436	-0.058128034053527969
98341	-0.00075028027872869971	-0.36563805186340337
98884	0.0001644984982444996	-0.063666958129050474
99126	0.0048336072352621615	-0.33274102737485012
99733	-0.0020457974747897746	-0.1089463733334608
100486	-0.0011864012314941905	-0.33892752303697748
100649	0.0019736303300531182	-0.17302149421123467
101474	-0.00050446571232932655	-0.24273722629259606
101978	-0.00027292923663274605	-0.089258515674829439
102393	-0.00038771604873241375	-0.029600092189997731
102496	0.00078491845164152703	-0.18264925252202793
102542	0.00055282679753743276	-0.22621685914314391
102831	0.00030909281341797313	-0.21826181402604689
103687	0.00067300545717840056	-0.2882762577996511
103710	0.0014397388198871611	0.0051020884076811738
104077	-5.5255296177880546e-05	-0.097615688671553916
104665	-0.00093908376601610619	-0.49698574986573846
104774	-0.00047827150392792061	-0.1687420429223172
106906	0.0017431588475395427	-0.26180481555024188
108203	-0.0011926372875998453	-0.20753298576644347
109202	-0.0014632877186795859	-0.062320989143012102
109895	0.0036276383822975394	-0.43172200749639233
110928	-0.00020027289779292489	-0.10363126646972326
112084	-0.00088571082414077868	-0.24262743532704384
112458	0.0006680951996167841	-0.35435130427673223
112581	0.0018858224114650926	-0.2073258282888088
112751	-0.0024273354959738259	0.0018679657814836923
112854	0.00016091637185724041	-0.28954783949754148
113530	2.6258771538805858e-05	-0.22381324076742021
113614	-0.0025019327600676365	0.062289203764583717
113700	0.0014056434093607136	-0.11244505254536109
113754	0.0011341992889054506	-0.30154533312401871
114609	0.0015407799796740207	-0.28585326437547259
115613	-0.00017157263438189818	-0.15131607711920722
116104	0.0029658716863009181	-0.12357573272814328
116312	0.0015992987267300631	-0.11443275672172648
117051	0.0001859018509533651	-0.57248812978700192
117687	-0.00089550307886765695	-0.44000943141555454
117734	0.0015208274234371089	-0.22816951917219658
118826	-0.0020972989491449606	-0.0026160122338116866
119182	-0.0022939256330135179	-0.10234229229482919
120230	-0.0010111554694160428	-0.22628403719717505
123050	0.00078764128342954367	-0.046379371105637106
123102	-0.00099073313062500619	-0.26357010162246181
123221	0.00021445059867939006	-0.20447172147146156
125137	0.0014342716816076019	-0.21416263249438688
126324	0.00097523930308413952	-0.30623868570256252
126523	0.00074579808020190045	-0.19490869736116787
130884	-0.0012790159967651963	-0.34248047302254564
132272	-9.085383728247643e-05	-0.12482757589183037
132314	-0.00038684925741199806	-0.10142841733113236
134984	0.00055913719001576302	-0.31305471914383753
136406	0.0021765514377827394	-0.19182105649219486
137156	-0.0012910623243626864	-0.010922929832341305
138621	0.0024396989643073468	-0.19293633046701306
141401	0.0015821291677394567	-0.20168695891292129
141665	-0.0008208027404776031	-0.12951094721166431
142338	0.00057892244728495728	-0.082725835492614752
143139	0.00036916041122293016	0.049667997713641582
144848	0.0031342663374648557	-0.25244730170766677
145570	0.0016607458672900678	-0.077588716578482667
145589	0.0020069482861718117	-0.082520494182754575
145714	-0.00051718731488756644	-0.20963883783636064
145768	0.0015195093228479442	-0.49385819528050301
145973	-0.00018881883389683125	-0.11659425969577311
146929	-0.00081462070554743238	-0.3007082525546439
147535	0.00090694601869011787	-0.1911434942889455
147625	-0.00093300051052710314	-0.31980417381648812
148013	-0.00062082746787854657	-0.070128141576350431
149968	0.00035863527090426381	-0.31765467480747028
150384	0.0011781087441390743	-0.50996576140664507
152684	0.00058416975753868374	-0.23035831509006241
153327	-0.00087569583054378285	-0.15120155292126061
154101	0.00073654619252507686	-0.24824516876921746
154783	-0.0013057196262756601	-0.17354715588658204
155214	-0.0011658202022179535	-0.17297586648576752
155805	0.00066028498538555237	-0.31238609836306525
156144	0.0022075166352468929	-0.10892190655756179
156422	0.00043983813760054935	-0.074905056251137622
156662	0.00056045106447530444	-0.34790217035416759
158145	0.0035768164725044549	-0.00015838479657914511
158945	0.0010377844140500251	-0.27698443154650537
159438	0.0016952510738267334	-0.087836410402178905
159920	-0.00050467056764858149	-0.24889857740063195
160082	0.0011837474778656719	-0.16829263011029374
163982	-0.0010803545110737857	-0.10308665761929917
164763	-0.00055311175056463606	-0.22276281935444558
166525	0.0019383872701829276	-0.15235396701311646
166684	0.0012816013918892542	-0.24974850269747595
166764	0.0022888583378185504	-0.19272607714605255
167803	-0.001200405018951882	-0.17884161453759889
167893	-0.00061849641699381888	-0.03801710445542035
168195	4.8071935638679172e-05	-0.19079705632126515
169287	0.0012356478490713034	-0.075845488417512388
170224	0.0016630345191595412	-0.046688412822080208
171657	0.0020599094961484135	-0.19305851130915314
172625	-0.0014504615182566729	-0.16208040914551286
172810	0.0002063997031212894	-0.11719365752538612
173155	0.00072764140175986692	-0.33667151719018817
174125	0.0013473330056517022	0.026201595414530397
174391	0.0004690701077274585	-0.24108301753787575
175343	-0.00047042369504605845	-0.24824036837930286
175863	-0.0009075445988363846	-0.23436060546627174
176283	0.0031772815971374923	-0.31073504413374164
176434	0.00039341833193434154	-0.081513100976433245
176508	-0.0014110176364581051	-0.071612899311384967
177092	0.0032750069756718966	-0.27512571993496332
177849	0.00099654598792370697	-0.062652439326291234
178883	0.00026316449457989405	-0.12247013074686204
179149	0.00091233872307690646	-0.26446615618442187
179436	0.002323178078834805	-0.35447263250372152
179463	0.0024163484745829758	-0.12183297001770223
181998	-0.0010631952600100476	-0.49550822035272807
182474	0.0014159870923352376	-0.25303376487085871
182798	-0.00089075301261369133	-0.15964506343734969
182957	-0.00073917197162013315	0.0055596109639240859
183363	0.0023658107409693652	-0.51024448779974563
184010	-0.0011965358342528201	-0.21163518465965206
184840	-0.00068125978926691011	-0.46074432195650583
186476	0.0011003063538473905	-0.15039495842444112
187391	-0.002087298606893332	-0.00090427691637122562
188028	-0.00079408794910566273	-0.30852049871093584
188421	-0.00020001188780224615	-0.09480727987868437
188756	0.00011438350845866408	-0.26835777007820194
188944	0.0021449655544531166	-0.37802623634821397
189017	0.0014731742156223284	-0.15915020322923773
190465	0.0012113248905168354	-0.22826721739677711
190499	0.0029138602884769219	-0.21616313263691767
190774	8.4823457623367949e-05	-0.35476260278276361
190855	-6.9366049549117481e-05	-0.2503840284962861
191368	-0.00034659609788515811	-0.2591261826136691
191443	-0.00037665540316616109	-0.50401674624910098
192691	0.00043260966626998843	-0.087794683886097333
192818	0.00018500780044020376	-0.11059912570783234
193221	-0.00025742657558666779	-0.3431505772077213
193597	-0.0019350496397286462	-0.30824646186732685
194079	0.00061235189584561483	-0.028526751800535669
194378	0.00048244668360838136	-0.073144927088233919
194666	0.003093289039301614	-0.30035617859722474
195429	-0.0028201281029370927	0.027476960958876164
196009	0.0001527732238524762	-0.066004272247301682
196112	-0.00051427939424111206	-0.24539323127655641
196945	0.00075937396560026471	-0.25753140359180066
197792	-0.0012061767703820025	-0.062961246221536621
198188	-0.00022496970940683774	-0.027705859195985044
198956	3.3742221235136564e-05	-0.17242007919481381
198975	0.0019766894614083666	-0.32391633056315222
199903	9.9573007970478163e-05	-0.20480864844151034
200091	0.0011264390446023556	-0.24093689818392114
200148	1.6500219288315392e-05	-0.0022865445086284945
200844	-0.00057193033445273667	-0.21427976293071083
201738	0.00058596341525652068	-0.040216588544722702
202030	-0.00034210570114813162	-0.091724421439654411
202253	0.00023833959522072726	-0.074159839589085119
202611	-0.00033968012399303825	-0.32689796194709086
203554	0.00023025326984600896	-0.53530998066837931
204379	0.0010762378548931878	-0.25499685264902511
204837	0.0004312430827789226	-0.39265483476410012
204982	0.0034496343370836145	-0.20870171299224613
205581	-0.00052576270242802974	-0.12920530242525136
206501	0.00095259081937336182	0.0076295953302810242
206817	-0.00052114591887967372	-0.19458262410753355
207563	0.00058522738408063992	-0.23061348255294928
208102	-0.00013920033055136788	0.04326277016938284
208137	0.001884850652348976	-0.38539465226207026
208992	-0.0025122487091619999	-0.12828196438003478
209386	0.00014814010241299107	-0.26597990379690933
209547	0.00092715222683503718	-0.21422258827781529
209559	-0.0015474526211310964	-0.10421864822209724
210430	0.0002843027621370226	-0.13540447215772633
210484	0.0012307057540008163	-0.19234534624317121
211852	0.0022931835789699803	-0.088163204177256066
211921	0.00049990829998033861	-0.25265913716498711
213319	-0.00016947241987487894	-0.34038876542242574
213779	-0.00018232428198702703	-0.14246999236759642
213857	0.00199916815660062	-0.24538516618002193
214075	-0.0018931207573216313	-0.092872819631954429
214598	-0.00088398741496710216	-0.235034184833917
215246	-0.0016269654288046274	-0.18110578956193329
216055	-0.00077447359528309986	-0.073051144856597916
216064	0.0023102040221317272	-0.20541198121744311
216195	0.00015394066349397307	-0.34119718466554055
217598	-2.4399062688406151e-05	-0.22252461683029684
219535	0.00031977424739481025	-0.28835765021577719
219972	0.0019644226379348854	-0.16475416932159667
220278	0.0015099887107412847	-0.22314050192536761
220709	-0.00022820534163014099	-0.14262122885744399
221030	-0.0011361663412883423	-0.42518729966006052
221301	0.00091562036738424306	-0.043571771310848648
221404	-0.00034521331859364911	-0.20121779715755445
222293	0.001934801801772739	-0.46537079013092408
222936	0.00053261084636714584	-0.22815019002561751
223114	0.0033252171611620395	-0.45331012031426332
223158	0.0025782073036685581	-0.16070980763098539
224470	0.0011086174756297425	-0.34601805350397047
224503	0.0002547289272953222	-0.40462277971808208
225417	0.0027464627245060557	0.063246423923785031
225723	0.001264727806694203	-0.21138661648045917
225744	-0.00087704054138111999	-0.16524053693396842
227119	-0.0019521381816432325	0.16568464514549786
227152	0.0015057110350668273	-0.066449020128213479
227170	0.0013099362460077472	-0.20920975040203318
227604	0.0018846431506374735	-0.37297866158072113
228127	-0.0033395252210064214	-0.072757315648663917
228457	-0.00048578553293567982	-0.20607167987343136
228493	0.00048993154354354295	-0.13263838234057129
229591	-0.0019224624863409736	-0.089598008756905961
231174	0.0010065704889336625	-0.19068900766799934
231352	0.00019234052346407205	-0.31288073151013857
231894	0.0020690994018999543	0.017396144482956181
232582	-0.0012414497770236101	-0.27011656388997946
232707	0.00024202493008772946	-0.075716720409884974
232773	0.0012605644872953816	-0.29498361611064361
233260	-0.0014221828678040432	0.079231458454512391
234168	0.00014601830496672064	-0.20665084389091867
234303	0.0012741702547885408	-0.17733187365435027
234917	0.0014476285488681621	-0.093589014312523269
235259	0.00012893026185594424	-0.26608760714794905
235364	-0.0016972006595904589	-0.22093811458234738
237096	0.0020771896775942482	-0.08150539194769954
237297	0.0028458232027911575	-0.11571974497429861
238516	0.00030164692454794821	-0.35665475052818879
239426	-0.00043615952775716824	-0.15488687434222675
240318	0.0017861861881158033	-0.16241758712587984
240469	-0.0014692603833908972	-0.18109991270705222
240525	0.0012827118329971909	-0.10120438895701157
241415	0.00063540369923490488	-0.16900800564929283
243785	0.0012852069258596248	-0.082994894620419618
244037	0.0023714828113672827	-0.021981416179362067
244673	0.00087398062045895711	-0.27059049408504376
244963	0.00052047338523808885	-0.18655167746089024
245182	0.0001920764056231334	-0.018588207634616792
245211	0.0020728532477842891	-0.19019991902503772
245729	-0.0019067656088507089	-0.54395607070236029
247053	-0.00057592738151664939	-0.29823106809796801
247424	0.00092328094625445138	0.032638344073702676
248606	-0.0013486393211580923	-0.17309528022104556
248852	0.0010492958330151148	-0.53785477505825152
251030	0.0029618578061837673	0.10894045621931917
251162	0.001727920569450773	0.0096881184989655884
251599	0.00086978015569192822	-0.071131851463694884
253824	0.00190567017024306	-0.18012818475484235
254113	-0.0011702238684105609	-0.16656340979312406
254671	0.0026509499092332552	-0.41403872254198637
254946	0.0002744064808320461	-0.29875652559346488
255349	0.001836207059697476	-0.24883985802807215
255607	-0.00048116759717148946	-0.11209479158175567
255759	-0.0012662765919655462	-0.34095062970439305
256156	-0.0014473454389080905	-0.12066596356984467
257092	-0.00041315942642320281	-0.275153589297504
257179	0.00079569583413926668	-0.22033698383160152
257987	-0.0019600527243715127	-0.23034635489615857
258992	0.00039973180613719081	-0.2112725297854994
259013	-0.00074081439906906817	-0.17908812671092755
259030	0.00027912281760249539	-0.27459894059040552
259423	0.0010125117087600565	-0.20190597579850203
259445	0.00126959062322482	-0.22304947519111057
259829	0.0023909381604752351	-0.12954931165963302
259908	-0.00026672094184141141	-0.23620583986573079
261911	0.0007388367678921098	-0.27865939575394993
262221	-0.00020762507254551361	-0.18294127437561369
262665	0.00019520483681795871	-0.17215920029968065
263009	0.00034442854707909072	-0.19306215163893409
264729	0.0024432618246709292	-0.22266224601594004
265531	-2.2067350495233169e-05	-0.29500100293980269
266101	0.0016051439942457264	-0.3256725566775534
266775	0.0025241236898901685	-0.1618564290169629
267230	-0.0014766584033258077	-0.18346896903921067
267427	0.00043482221694973538	-0.34186649408348607
267679	0.00087441797124912426	-0.24243535520876491
267761	-0.00015483479544404783	-0.14877607980220048
268741	0.0017540789407135349	-0.11764744839293029
268966	-0.0003135409811231408	-0.28980448882948351
269728	0.000420223223541833	-0.17632638619794785
269741	-0.0013919809251595095	-0.25538820745570068
270830	0.00030758290747506887	-0.25301110729495258
270932	0.0029133965566514142	-0.33544274768482119
271022	0.0032657938464678692	-0.05311281055139825
272144	-0.00061784842599999054	-0.10700203394719597
272460	0.00034165180942125224	-0.17211869847694519
272895	0.00056864317965880712	-0.1083981919246933
272975	-0.00096767896911215622	-0.20599968878637429
273125	0.0011486299051863525	-0.07607213494795953
274589	-0.00019982693094553014	-0.15489692397972693
274683	0.0022352092770552834	-0.31712045145848067
275005	-0.00080024059345630463	-0.17379648767382055
275087	-0.00015662400658950082	-0.12514561723169668
275756	0.0028466913779558157	-0.2720034427530843
275816	4.1669653897347114e-05	-0.21637525161820864
276243	0.0023852740276263233	-0.27701664850762664
276481	-0.00088607406891981792	-0.25455793414381339
276537	0.0014324119773297614	-0.258638318654549
278260	0.0030686552912149146	-0.34009999867868457
279581	0.0017125465692560569	-0.0075871450877928806
279767	0.0014424354294429031	0.15125343968075328
280462	0.00099763101426099746	-0.13386776465997033
282064	0.0019891786753355001	-0.13150083567913651
282802	-9.5269757230047152e-05	-0.18787115939433557
283263	0.0017594853940912114	-0.23423614991175115
283581	0.00085651619195540717	-0.32871687021602963
283980	-0.00097432749031944486	0.040551501792566863
283997	-0.0011924548519147047	-0.134568740663734
284164	-0.0028225524384260783	-0.26631048444112282
284388	-0.00080950986305214833	-0.19517717203994253
286202	-0.0012131502544089911	-0.092343398479426117
286870	0.00094096952488420256	-0.092788279131694379
287100	0.0016255052733912864	-0.37277090539081253
287983	0.0023406740442896076	-0.042065419241882424
288391	0.0011104315731202945	-0.05942392617675718
289369	0.0017382176870895331	-0.189136391600187
289840	0.0044107646916261333	-0.072941560724409965
292292	0.002024808057175558	-0.17697283446259343
292461	0.00054725294532133534	-0.088616129311015659
294729	-0.00039718639615851902	-0.13585293579634289
294985	0.0018689016272355695	-0.0411189098502521
295014	0.0017573266195292383	-0.37016255101184803
296331	-0.00071601867734715028	-0.16394858741981402
296832	-0.00035982996091335197	-0.185618442259464
297402	0.0013901795222495041	-0.28330847246833768
298405	-0.0012609027254498672	-0.088307894881757346
299275	-0.0022192949471079937	-0.025424476647620372
299712	-0.00079603077061017222	-0.2740382148666578
300199	0.00069205013317545899	-0.18583238722387713
301049	-0.00091035497053286408	-0.13266340627375647
301214	0.0020203416453502048	-0.24149416947681451
301383	-0.0013532804200553081	-0.049505804008861357
301710	-0.00074185207524249874	-0.11213159183766398
301795	0.00011141094216494648	-0.20153657776344544
302395	0.0013207817219946408	-0.27574438675886748
302524	0.0010305661435163762	-0.19573055278897006
302787	-0.00079859612226215911	-0.34744077250774441
304004	0.00056899418009146081	-0.10863892883394095
304295	-7.7662845101197399e-05	0.11196069481024915
304775	-0.00073452767021468259	-0.23739139183817856
305662	0.00055333896250365621	-0.22347820426262469
306468	-0.0006093357868768108	-0.47440415331081071
307111	0.00037451653924302185	-0.1870035651028672
307190	-0.00014001844411634136	-0.19617443259959699
307915	0.0006518000637714481	-0.075023816470564247
309167	0.0014483053310421854	-0.4755773564836378
309616	0.00060668660791053305	-0.44643628995489781
310496	-0.0018575864942400673	0.0561939263421459
310878	-9.1260136475620861e-05	-0.2523553693276594
311153	0.0020004606080965734	0.084471693779880438
311315	-0.0017492310969239599	0.012799798459950574
312206	0.001295660942893756	-0.068315812651467661
312280	0.00010838340486841623	-0.17341166750230189
313066	-0.00063225050272119822	-0.0011762378921136576
313393	0.0004736002685810719	-0.25141472273267301
313738	-0.0011874405248210157	-0.1623099361583393
313870	0.00044281493865987393	-0.12971392476490087
314397	0.00091066118035609757	-0.10907098736569876
314560	0.00075446974877195006	-0.30456486743217553
315033	0.0004403272322945972	-0.2382275802062809
316575	-0.00071765521429414687	-0.18258020081147971
317034	0.0012514353167873511	-0.12537858486081763
318217	-0.00053811648549744687	-0.16937541706555154
319250	-0.0018526166137246044	-0.010989306683771044
319606	-0.0010697554404588143	-0.049718864432002463
319847	-0.0013832132923812177	-0.31044646508885843
320779	0.0027580650306497593	-0.18354038727383676
321027	0.0020849278598911157	-0.32145711881740024
322901	-0.0022245886078335643	-0.33863622878651578
325356	0.0012229026288849889	-0.22461512764541552
325917	-0.00022444075974546669	-0.17946945095798394
327891	-0.0025874429628457239	-0.27822215209487272
328244	0.00082993325263752606	-0.13714711459796858
329214	-0.00010439801411908341	-0.16914797998751413
329583	-0.00091886283806350574	-0.24120337936668826
330167	0.0024991041769021746	-0.38456956122279856
330171	-7.3688974678496038e-05	-0.031523580058761609
330617	0.00037043864147610428	-0.35324181902092211
330687	-0.0011417767543588373	-0.24909337434790058
331267	-0.0010477999640745111	-0.17075122553047481
331668	-0.00029731656827600172	-0.26154703620283215
332223	-0.00030834056367076961	-0.11204004366265781
332414	0.00010212481804481861	-0.11215416551450387
335490	0.0020401274858615802	-0.10702881075818427
336046	-6.5097552330566771e-05	-0.30722496304648583
336201	1.0048252431154995e-05	-0.031281612808244853
336486	4.8919797133065851e-05	-0.33205653946888586
336538	-0.0010236168140295829	-0.42189265729323788
336865	-0.00077481001675450871	-0.24831824340016817
337713	-0.00085057826315491588	-0.24095748621727134
337853	0.00013080752154593029	-0.24380405886781487
338954	-0.00042046842325520488	-0.17768654065738465
339031	0.0020072307794147216	-0.31078828616759502
339338	-7.0673520447820087e-05	-0.14404667826422912
339962	-0.0016270471455251739	-0.18014906180266119
341549	-0.0013374765653750456	-0.10748147792664133
341840	0.00136174178110661	-0.31671560984532382
342205	-0.00042446694760479744	-0.14717357107651971
343060	6.7774252653973201e-05	-0.096315641465773025
343772	-0.00036960475230766966	-0.27923680114738342
345022	0.0011772678733218155	-0.27495618427068708
346665	0.0014359948922953209	-0.32206530753952517
347110	-0.00073000825723969296	-0.24577387784937141
348292	-0.0017238505045008524	-0.12934399017368559
349642	0.00091328528946204809	-0.099567957719691833
350307	-0.0007683233211477332	-0.21918054238189658
350712	8.3628759097590754e-05	-0.172093080443559
350748	-0.00095624069189655732	-0.32996834738465125
351279	0.0016409611037150613	-0.487788297257571
351659	0.000719980728580389	-0.15247902647946898
351704	0.0019258725705076744	-0.085537415941692119
351720	-0.0017459441042954988	-0.20784422265859032
351770	-0.00051947790026731378	-0.10436016838485956
352010	0.0028150031163033358	-0.28448691625135103
352642	0.00090428299478330994	-0.28202359626987755
352678	-0.00067304638694050162	0.018910018378619026
352731	0.0034913230316899364	-0.50176203697987976
353612	-8.7922384465011737e-05	-0.074021790777288432
354284	0.001025483698278715	-0.1982963869604058
354982	0.0018906977463491459	0.084109257770259072
355175	0.0029435689871580516	-0.1322934395609934
355751	0.00085914053530591157	-0.096389223410633135
357680	-0.00064775142949952667	-0.24666923698375615
358266	0.0021328147805517654	-0.23269960417484953
358878	0.0014147342484501367	-0.19227690645645928
360503	0.0016812686865429476	-0.20082161072326751
360646	-0.00020024211277926162	-0.15723281974561854
360800	0.00050563838549773561	-0.25282258164975008
361172	0.002612297535231514	-0.19314183032904519
361760	-0.0017107227969412212	-0.2162221171280117
362165	0.0024360018682943437	-0.080472858472509207
362728	0.00097568815973299045	-0.12690203787726886
362895	0.00047116149626685302	-0.1805589166367583
364687	0.0010153814221630301	-0.22788628926805124
365299	0.0014819016828930315	-0.15497903052184567
365725	-0.00015983050274096379	-0.27972579728499597
365967	0.0013281755638639391	-0.17941964174176583
367207	-0.00011342042598409775	-0.27710029328012309
367208	-0.0009557230327794531	-0.020562992298032264
367522	-0.00092973608635882679	-0.31421002286989097
368055	0.0013415258479764877	-0.24538989772029804
368208	-0.0006267202328467383	-0.024302638134518627
368420	0.0020761371421302416	-0.22700825910588676
369677	0.0025260449915066097	-0.12689214077464445
370583	-0.0011632732129009202	-0.44299843648598242
371058	0.0029014418952506482	0.035009101346054547
371298	0.00019609738290362949	-0.32753442092191287
372710	0.0010795600290417874	-0.055997487993588176
372718	-0.0010917973359182687	-0.10408057774973199
372961	-0.0012829791637679719	-0.14179423937591204
373707	0.0021815917082495606	-0.097289653466879733
373814	0.0011588460679604826	-0.33654939757508251
374038	-0.0015587633294371021	-0.10760448024079952
374139	-0.0011470172593787439	-0.083257158927241504
375331	0.0030908099414730327	-0.070067831817514289
375726	-0.00026051928993635538	-0.10609224261980853
376991	0.004168429364070656	-0.11672994704591814
377642	-0.0021644497932219731	-0.092057523160726712
377788	0.0011900745061940055	-0.22192930417847251
377991	-0.00035047459227730926	-0.12915690847974406
378578	0.0014737237135811097	-0.38753808522657962
379008	-9.5714647308389397e-05	-0.13608982417060322
379083	-0.00022887012089795739	-0.23608418725645638
379671	0.00087142551587594992	-0.21977521696763094
379749	-0.00085323897286183588	-0.13642186858754243
381434	-0.00051359797995456646	-0.17828779810470213
381925	5.2793431077837252e-05	-0.4616847766306576
382613	-0.00049767723230235202	-0.12249587462099382
382788	0.0003746378038984768	-0.30231043910305677
382838	0.00023779552310647378	-0.19056818182208024
383064	0.0013803382404735678	-0.028894279857921971
383631	0.0015380925520767121	-0.1602903180613249
385897	0.001193264970204179	-0.045890815694192115
386638	0.001150318860176553	-0.086474439081234297
387094	-0.0025237870293942314	-0.46822934942035399
387621	0.00083309961520091225	-0.310656177965772
387899	0.0021474867834626707	-0.2925187965924016
388053	-0.00034297262850710095	-0.13675987500522568
388568	-0.0001850420945921998	-0.081777782229467716
390075	0.0010219992766417976	-0.12795203710449976
390471	0.0016106035567703767	-0.20742969529648378
390660	-0.0010892347778337587	-0.013669366894168342
390941	-0.00081299634076946502	-0.14711770657706091
391498	-0.00097653375488555697	-0.3214032557418175
392363	-0.00087060264335508529	-0.035159273420992621
393150	-0.00015367950456117126	-0.13907201039269979
394002	0.00060937192249527032	-0.23558602926100078
394277	-7.681710433178634e-05	-0.136946341817583
395654	0.00028208335397749286	-0.28918655486585249
395924	0.0013770569173189877	0.081587445350170124
397201	-0.00064873688187260577	-0.33870169418772395
397503	0.00017528506987489608	-0.1521305175017901
398732	0.00046381955948349802	-0.16918182588707079
399638	-0.00054988152097184629	-0.29297315177374211
399694	-0.00042339854606048086	-0.123340588919049
399899	-0.00028323138540863198	-0.17379241703551807
399921	0.00025762679152847921	-0.052235000435461074
400107	0.0015362484992974353	-0.27187715418007635
400805	0.00045657109253875326	0.0056029504275236916
401738	1.686215436004241e-05	0.037334913733507322
402833	0.00043828998314436552	-0.24422956468376053
403083	-0.0026670569090605409	-0.45189185808212534
403329	-0.0032274462585207002	0.047981753302307736
403723	-0.00086987992440449495	-0.30735276369234771
403778	-0.0013004455906132971	-0.29071803188797662
404434	-0.0037841024473793776	-0.57322532480610711
406563	-0.0022768470836654815	-0.23272687595789443
407006	-0.00040635183375593116	-0.084604549270291693
408019	-0.0011363632566945613	-0.18729278644234149
408435	-0.001113124463188178	-0.19266874821796776
411063	0.00078738540003690815	-0.14709487864574172
411593	0.0013498905291638218	-0.28480331117988333
411654	-0.00013387705358535265	0.020272121559179408
414031	-0.00055048888623467768	-0.11547756577786951
414456	0.00013164095233881104	-0.20964838471088382
414465	-0.001613889439196093	-0.049091744607406784
415236	-0.00036576161264957651	-0.31574383561984115
416258	0.00084216494229703105	-0.26948148693596508
416564	0.0012604603906158026	-0.16384757791533369
418387	-0.000693711434385342	-0.3856451161975058
418665	-0.0016100326217499874	-0.41548349535896767
419033	-0.0017732089031778852	-0.32032700831925331
419047	0.0031434890350515699	-0.14947722919231207
419946	-0.0022849098140491002	-0.14963492874709244
421940	0.0017219213314993024	-0.082853421883246459
422021	-0.0019574942966073951	-0.0065010865833153618
422532	0.0027205993648157312	-0.29235946410097141
422821	0.00038415559652266802	-0.29794808098308845
423309	9.6019803265709296e-05	-0.42212672580026983
423565	-0.00082433810812820971	-0.013021993683168909
424063	0.00037866124923803502	-0.1267119718122002
424197	5.2307728400897784e-05	-0.32207163705027769
424260	-0.000660319573904277	-0.14302171816018813
424965	0.002427362137252787	0.16460394563211825
425840	0.0020709819951787532	-0.13095305946857835
425842	0.0019386873646221933	-0.30042141686081553
426229	0.0014531786912837916	-0.2638037990527532
427178	0.00023857446429719322	-0.2109593358491787
427462	-0.00032640450141455731	-0.23794691919558375
428707	0.0023377450589464081	-0.013760440413473516
428813	-0.0015666371223469011	-0.241281887226481
429679	-0.0012936305450201033	-0.083795753323029229
429853	0.00028281512654333837	-0.3310206902140842
430157	-0.00029791171499198173	-0.056210828491543463
430212	-0.0021912257754461185	-0.070105807198956649
432539	-0.0008641286513944278	-0.25189408658548273
433009	-0.00082577022788473536	-0.21726806416189859
434043	0.0002735260044709469	-0.42971889517912165
434477	0.0013796518604765719	-0.26836185065436918
434665	0.0022394264257344903	-0.27698858453031
435049	0.0025264942830574427	-0.017957707961510055
435094	0.0015344274831686228	0.04306675306571367
436032	0.0020981738397118713	-0.02158040619373517
437667	-0.00032236243948326757	-0.37087475014427557
437943	0.00053923504891294129	-0.45444311714306401
438126	0.00026236933495692128	-0.41465703006362681
438217	-0.00048860187686736568	-0.013369626354251414
438738	-0.0013493967354212674	-0.042667324488726815
439051	9.6479369106767295e-05	-0.078135497803802245
439631	-0.00072719242420048169	-0.03436282318300498
441840	0.0010522487327026971	-0.11640314981502045
442901	0.0010493477224527272	-0.22187315157013698
443496	0.0028643953935047865	-0.39380576644072635
444928	0.00092412009841077091	-0.33092286458329728
445798	0.0012182464279774209	-0.10533320960674941
447853	-0.00040346389902538935	-0.11312763955212089
448319	0.0013473379564894433	-0.08177641259848048
449261	0.00034659905052588811	-0.22353469072949883
449731	0.0013202948468377775	-0.079429493237419282
450461	0.00078754298337661453	-0.19518897662249152
450649	-0.0018376570573279336	-0.26533933998502668
451701	0.001945080068487938	-0.41460906843921108
452709	0.0022232650441227561	-0.50382342091333232
453270	0.0016009601132037374	-0.33424338818580318
453476	0.003408603800884116	-0.21912261422958509
454217	-0.0004270764470374603	0.0017989591172017788
454333	0.0010098769780166378	-0.12736483603542717
454621	0.0024393581461233205	-0.31186518042068095
454625	0.00029736999882067853	-0.098585300843422471
455135	-0.0020466619573929145	-0.15711591736286001
455163	0.0029784924981793581	-0.29510773869120888
457490	-0.0006228817682366859	-0.20437870307778377
458626	7.6309525022888762e-05	-0.081637658017409923
459062	0.00095239060157366047	-0.2646452824952768
459063	0.00053056932922386328	-0.3230331042558155
459113	-0.0024466791737176507	-0.062403353441905944
459634	-9.5793042600058676e-05	-0.14903193806656984
459760	0.00037223520946325436	-0.27057254327957686
460088	0.00030630990225162362	-0.11784184050557699
461057	0.00117559529819188	-0.22913336657274849
461078	0.0037469835730317494	-0.28337576352080285
461352	0.00091914335789819793	-0.13152699616912747
462138	0.00087587542236843138	-0.014990646200479374
462518	-0.00093298376790329225	-0.23601450382157596
462527	0.00020401407342283636	-0.26869924868673484
463901	-0.0020445927940982911	-0.014980640779503285
465036	0.0015716456641145155	-0.046635368183779245
465189	0.00067215531273678462	-0.31231788478994055
466396	0.0034176999734878873	0.043475129590904577
466564	-0.00027748513298497118	-0.05844766114082011
468346	0.0016671614089602393	-0.46559484055627381
468362	0.00095516401591472667	-0.17704604793520629
468603	0.0012353979629617872	-0.032818234558213984
468864	-0.00071460739019319408	-0.083492800375045639
468874	0.00095694078519633166	-0.27608616160744676
470138	0.00076981305464742899	0.014125158458115704
470661	-0.0014785863089860217	0.034125634632503281
470686	0.00047437916435901319	-0.015938984317101765
470891	0.0018674207331500058	-0.1835720030037514
471394	0.0014090321147276464	-0.1513962533301775
471510	-1.8152578066952391e-05	-0.21236304783380797
471758	-0.00043734376944548647	-0.28417680597989098
473158	0.0023980309334068958	-0.36555025067158708
474064	-0.00027230831304381691	-0.30987140336344871
474102	8.5406416197887462e-05	-0.28744147223934136
474351	-0.00013106545471502896	-0.11281794231926885
474454	0.0035221288471502495	-0.29736142908730806
474483	0.0026443062338919387	-0.2087416329761779
475403	-0.00062146273082055027	-0.10033312935060347
475431	-0.00044008400167567076	-0.24755187357351766
476281	-0.00038480720824946805	-0.35500642049533498
477313	0.0017789179353171641	-0.20382955171937833
477646	0.00095139232402437473	-0.25035365793714981
478456	-0.00010646196318935658	-0.32137026762348142
478572	0.0010852414014583555	-0.20626545010071698
479110	0.00058689963964403272	-0.32776741828732198
479129	-0.001278519364677043	-0.012959038856543845
479775	-0.00042623440883402062	-0.22671333689306467
480016	-0.0027379010547148191	-0.17084348517186937
480131	-0.0020207631822413727	-0.28776078811531119
481653	0.0029714204993465249	-0.12838621334366404
482013	-0.00024327800546462136	-0.10032008333991306
482492	0.00034610613289432716	-0.3770506959090994
483217	-0.00046073579749897646	-0.24792329066429386
483336	0.0015871613424671763	-0.37384518512839765
483577	0.00066543677318106642	-0.089935619874234374
484374	0.00055601983905546621	-0.19877893717457415
485157	-0.0010557155621494898	-0.45446104782597962
485432	0.0005367344673027491	-0.19187986133014093
490930	-0.00075616643497766821	0.0037272847291025491
491194	0.00081225128690882607	-0.14837471239633698
491972	0.00087917930317698103	-0.17207652685251865
492060	-0.0012363240554727792	-0.18020335820851902
492101	0.00055257454084401054	-0.33927866045230581
493208	-0.0021586423101186613	-0.18565325082440948
493625	0.0029801717005162806	-0.33045905673885972
494723	0.0014313361090757086	-0.46384748655510805
494888	0.0010051175710941609	0.0082581799244762256
495051	0.0021579506008310373	-0.11488930837540118
495338	0.00016183832527811052	-0.18214198704295997
497669	-0.0012865167020726924	-0.1337258589424048
498493	-0.00031316185852402634	-0.35910569751571925
498993	0.00076856857947709811	-0.02504517537736441
500161	-0.00055480357697035494	-0.093079378500048146
501153	0.0023357433989530303	-0.038017163711172149
501720	0.0021909178827797552	-0.19524848813652634
502034	0.001226087117637639	-0.27458507938700893
502201	0.00030004049723506704	-0.088323037425333664
502332	-0.0018685522939420997	-0.055882671950628508
502885	-0.00084720910825725919	-0.23136451548774825
503337	-0.0018940656182041852	-0.10159517824196472
503354	0.0011594184114853035	-0.2199524057304412
503368	0.00091069210098511247	-0.34287595521465314
503784	0.0010916254849503344	-0.089509022355862097
503888	0.0018299460230631218	-0.18648656201057873
504021	-0.00090350003114275418	-0.21571198313242479
505578	0.0024599624301994117	-0.26420363442461908
505850	0.0016596368661771109	-0.1147792587231342
506018	-0.0026950175354585586	0.14902504564718724
506931	0.00092382350297975577	0.061219824036571106
507795	-0.0024881827107105297	-0.026781342349190312
511881	0.00080610848329349641	-0.19367272620944034
512718	0.00067709345768732047	-0.09057348590040859
512945	0.0012427608884795426	-0.21948570063600403
513655	0.00016107906347393027	0.030430467641028035
515660	0.0019384776109615401	-0.31289766321010276
515851	-0.0014136749268470971	-0.52070955597254087
516741	0.00039552204422777524	-0.19140961616186125
517516	0.00079123662994396728	-0.13050984202314042
517540	1.5393258224376608e-06	0.031542352008614126
517893	-0.0018896419484916601	0.013448852914614833
517908	0.0019820938373505096	-0.43496773008262618
518682	0.0020124053088997778	-0.17267643284390935
518897	-0.00084996941669194398	-0.2880228223001402
519583	0.00036679258086938721	-0.33076198009808389
520054	0.00047254118631229517	-0.21878496535197017
520269	-0.0026248936285826496	-0.47148521129921012
521113	0.0001287082616610322	-0.03037512714677084
521403	-0.00062235807177755205	-0.22882780291509155
521779	-0.0017365162736417508	-0.10864514960829998
523005	0.00090646801894595907	0.018006357351865444
523678	-0.0016426470558988031	-0.010598217213180432
523892	-0.0026861507250512725	-0.53926411237130456
523941	0.0014737693839913066	-0.060564520834767759
524862	0.00069232434386066544	-0.035847024389721815
525257	0.0027500677345376557	-0.21945575172319817
525821	-0.0012083249107878447	-0.098286094870202789
526193	0.001733264011873189	-0.060508859651739452
526577	-0.00098371137794065963	-0.081694867299156398
527646	0.0040944291253850159	-0.28850930309511902
528003	0.00080235540539834904	-0.20190042836485772
528263	-0.0016030430188225804	-0.18073273286278241
528821	0.00070659219618637165	-0.20790731352204259
528919	-0.0015870005682121358	-0.19253343240241402
529995	0.00013333115062719701	-0.038122486487127523
530460	0.0013460665955538484	-0.25473943964141371
530715	-4.4287618645390617e-05	-0.2049902337147082
531732	-0.0025471924463689342	0.084591885423180621
532538	-0.0016507388361996717	-0.10378424387181319
533396	-2.4556488370904711e-05	-0.19455610820856864
533605	-0.0013047804152631639	-0.21976370046684321
534490	0.002230709898011698	-0.13779992915428349
534703	0.0035435526671133339	-0.21322392570486112
535393	0.0014284140945696588	-0.041504340907722509
535644	0.001304346478952053	-0.20294441451593337
535649	-3.1201723173613998e-05	-0.22484960488649133
535976	-0.00061661321678061626	-0.16728652956258963
536200	0.0026477772332566861	-0.2895954745373171
536971	0.001994068383819666	-0.16303915193281854
537465	-0.001163251373308086	-0.080988269468144705
537693	0.00012518918133669322	-0.10039732814190749
538680	0.00050428978753431488	-0.058881372704542106
540832	0.00087750097137396761	-0.12144487222611158
542216	-0.00050113265715029669	-0.278529258346912
542249	0.00058588684134458762	-0.41074140851218499
543244	0.0013565635021134464	-0.11703914862869765
544194	-0.0031318532259888955	-0.25771459438296412
544559	0.00042751126968769274	0.028388956764405036
546602	-0.0027234088531698283	-0.11036616494003314
547044	-0.00090086174894296687	-0.15912972611893311
547471	-0.00064347585126324611	-0.025416843984092344
547601	0.0017021147478797037	0.063279717009847511
547928	0.0015262976272567034	-0.11182732956774119
547986	-0.0004993971235223698	-0.14765418528192928
548512	0.00049261193061631698	-0.1987511307030484
548602	-0.001054338219918881	-0.19053201624835059
548926	-0.0010352673535315906	-0.24118414623789811
549813	-0.001314025025502204	-0.30815988819546719
549972	0.0024389305113133881	-0.023158424822354414
550862	0.0004078864923914116	-0.14552644975215709
551114	0.0021166671675087009	-0.52255763239755548
551596	0.00098394525331814637	-0.27854583928528359
552087	0.00081580377354266236	0.041366149960214357
553729	-0.0012605402091595019	-0.34486868820420524
556088	0.00044264538389266958	-0.12673263590807643
556987	0.00017693744783505317	-0.20433616112252201
558262	-0.00033394395463849744	-0.1500649716540321
559384	0.0020760327959073186	-0.17842927174358567
560488	-0.00085673320471926838	-0.16528103022770346
560683	0.00017870577967847665	-0.048665215693588483
560860	8.8976164343420108e-05	-0.08097990201881787
561145	-0.0004229629482714358	-0.22623705996703194
561600	-0.00027303193448047902	-0.20761108641172227
562051	-0.00095742893038687016	-0.17580741398760125
562112	1.8857218299060305e-05	-0.021070532330467198
563178	0.0018834988694360398	-0.24634755074463549
563774	0.00033204489441748786	-0.098212874926360938
563984	9.7326828028416784e-05	-0.089366647560818038
565899	0.00070819501483655105	-0.31601241240373706
566333	0.00201093402300108	0.035361351223828191
568542	0.00032506116630001431	-0.033528607234795733
568938	-0.0012461575766218543	0.056653650135388527
568987	0.0010710673847707007	-0.33467494561282551
569277	0.0042736154481433485	-0.37898749990044045
570662	0.0020025809604545565	-0.10360231499368588
571819	-0.0013899745314574765	-0.26308843497553025
572444	0.0024534625048381834	-0.049553044086819938
572451	0.00055853096531322129	-0.23612126744437417
573005	0.0012481989269227953	-0.16017797953872429
573521	0.0018472031051333655	-0.073588069188456867
574721	-0.00049948780606068094	-0.17595817061130142
584642	-6.6274669340937937e-05	0.022388460058306799
585629	0.00064837527052192157	0.037385726778770487
585791	-0.00150799279518824	-0.16282955725105538
586154	0.00066480088623245364	-0.1955403635249037
587925	-0.00049961742293842023	-0.087739889003090474
588948	-0.0024992208873541749	-0.31249807483553599
591942	0.0033070401483990862	-0.17799693290210777
595080	-0.00066963909642462141	-0.17732729565087932
595558	-0.00036289330630926353	-0.43133684392709692
597505	0.00057783783476582796	-0.18360116833576631
597789	0.00088551856693347203	-0.17528190096923069
598834	-0.0009594848769430642	-0.26390085519118567
599022	0.00083780318958964089	-0.14927073004923058
599731	-0.0023466135771222779	-0.29992624330961892
600138	0.00072821556710275142	-0.2072197506231476
601444	0.00060313998827363343	0.069917757284453194
602329	-2.4793931959068462e-05	-0.2478282008096023
602351	-0.0004601656014926929	-0.24502985132918531
602981	0.0021380333146124291	0.043902443324053839
605345	-0.00070250207760364294	-0.055072457974585425
606319	-0.0015935541832244513	-0.1824735940967622
607066	-0.00045281773344450641	-0.22787460248588787
607695	-0.001585649615879493	-0.21144657230600661
608004	0.0010599001950780242	-0.092730106782088081
608014	0.00027059085440501139	-0.27195146500373951
608062	-0.0014084480918816478	-0.26848652120957367
608063	-0.00050822371160649544	-0.014516379767638712
608105	0.0011355477285052767	0.047223298006214456
608676	-0.0021973340145249832	-0.020477914161917972
609838	0.00096104667900081967	-0.041373111919536
612408	0.00026332916548054233	0.056195435619563118
614194	0.0004338462340155695	-0.29902057326536091
614340	-0.00045795748974490928	-0.34681964768038759
615136	9.6049648004722758e-05	-0.17879267701402593
616005	0.00084928189717816001	-0.16315252051955817
616139	0.0014293712275999413	-0.29382873100457796
616513	0.002395494456549593	-0.29610323159270441
616862	-0.0027435878603715388	-0.071270671201009397
617113	0.001295478509815145	-0.30900850849100686
617538	-0.0016049408879183595	-0.0818847321640256
617662	0.00047886540027954299	-0.31180028505374535
618180	0.00188696329459142	0.033590549130020186
619293	0.00028576583337097715	-0.035303735893093671
619836	0.0018041423919443946	-0.19370550112486257
620216	-0.0024718612376981317	-0.11538357033361842
621425	0.0016558772552333586	-0.085521772997677173
622473	0.0017673784201098228	-0.19381847140266212
622716	0.00024006912149262573	-0.36812332894529431
623433	0.0008559015727511133	-0.095226311613305858
625571	-0.0004224494206929878	-0.24579542806843319
626051	0.00053954979500155076	-0.18066652117296059
626095	0.002628436438138176	-0.41239552674959501
626922	4.8824139425936337e-05	-0.083414219312693119
628366	0.00022842856760914429	-0.20105129616924433
628630	-0.00029227688677501622	-0.17132344460722759
629145	0.0034186337858677172	0.06654083606835158
630000	0.00068277934479840218	-0.10581032112355249
630978	-6.7311547657587919e-05	-0.23961560841822038
631033	0.0022864803855008921	-0.066974485277025653
631304	0.00040449744893173833	0.025931304310220178
631842	0.0006818790090938982	-0.3482040355385565
631881	0.00098332715036109856	-0.35342999377173517
632388	0.00043521890931060296	-0.19831554205568805
633027	0.00091695026730071231	-0.19873959605320779
634591	-0.00072412450766031009	-0.1459310763806026
635827	0.0013779164466166242	-0.25135417866648097
636175	-0.00069812363565142704	-0.1791217396759277
636264	-0.00035098440966589792	-0.30547622317559753
636367	0.0012875155516556581	-0.10130429258274636
637697	-0.00011017213522892286	-0.16090541555026744
637731	0.0018070476589010288	-0.33483152017620782
638102	0.00021034237250318506	-0.5072222239028974
638115	-0.0011500324216510425	-0.21529249804637607
638619	-0.00073710889987130311	-0.24815909177970594
638776	0.00067470449283788935	-0.32704386210834852
639010	0.0010506935309990955	-0.1041690087644839
639256	-0.00099836131193648545	-0.13608691470771847
639328	0.0028024006927276509	-0.11343686929372067
640224	0.0011545183331130796	-0.021089405534732923
640466	-0.00060537444627320545	-0.11536614862500381
641296	0.00040053682051012767	-0.28972173376454713
641516	0.0012674842503848159	-0.14135689524915523
642331	-0.0021595680281134783	-0.23277855690275545
643134	-7.0758555362081385e-05	-0.17145140506736972
643835	0.00024364431341868261	-0.24949052884297115
643880	0.0020832597858420235	-0.1064055790615486
644162	0.00084275338026947293	-0.16757558866812836
644288	0.00029410001004528214	0.039973041734000632
644857	-0.0013974952131872837	-0.057581472523429364
645077	0.00052680848104905836	-0.046136476493656924
645116	0.0013158346198865415	-0.35814403074527479
645166	0.0018632925800074317	0.13303904180681062
646547	-0.0017268360283669286	0.024111188082517446
648188	0.00085031865841445477	-0.034898542584933433
649217	-0.0013859855958593818	-0.15165595888426608
649575	0.0018433244532456395	-0.018506100287335937
649778	0.0024087620975571933	-0.3308690144113457
650009	0.00012444277192550377	-0.26197730677390646
650174	-0.0011659208887526641	-0.20865643929537117
650379	-5.7782798539437411e-05	-0.1608348207891814
650936	-0.00032086467301269692	-0.13308701718205651
651445	-0.00072799856368297713	-0.27758018610860363
651729	-0.00069346911913786618	-0.23416950576598686
652084	0.0031547052540681483	-0.26004504243964316
652174	-0.0007647290035856201	-0.32045336839698446
652238	0.0010225436323887845	-0.16165931041820888
652340	0.0019710104321266297	-0.34946714835419485
652408	5.3431270603955744e-05	-0.19031842610293118
652560	0.00052508618147907669	-0.25660757606627432
653598	0.0011664047967048948	-0.34360732650127795
654013	0.0016652337754807403	-0.15428679162627584
654399	0.0009100036579468031	-0.16553623784732482
654442	0.0011945117653380673	-0.19045263516783545
654818	-0.0017178063684616432	-0.44532717245612263
655258	-0.0015111164944022044	-0.18707215274416492
655811	0.0013296589016244761	-0.015455324391231292
656283	0.00061328018627834942	-0.13057799262193909
656914	0.00047185646082721427	-0.13984058570017627
657290	0.00011813438646515186	-0.19928909745826465
658154	0.00041684968720800638	-0.26557488738346025
661685	0.0011976521208474247	-0.072378505075995914
661812	0.00079940537240907666	-0.255746457650669
662325	0.0030267187682771384	-0.24924144159887363
662951	0.0035161851650292279	-0.15258963748614524
663929	0.0013266865685532909	-0.19954528272199318
664068	0.00050499047138624891	-0.37402559799695834
664255	-0.00094155487812246563	-0.13844726605109875
664256	0.0010220940350349594	-0.12273532335508816
664529	0.0010170792436733772	-0.074972182897802692
664759	-0.00090501587781323996	-0.15782696763530199
665378	-0.00013404217184690413	-0.10849292883671029
665897	0.00067691019141470437	-0.22181172886790937
666187	-0.0015083173124582961	-0.1529071333823388
667748	0.0034138813759824827	-0.38995490036330294
668033	-0.00021204671564424354	-0.41921486634474336
670552	0.0015247499997141645	-0.19647472888183773
670958	5.3641458152764204e-05	-0.14812069153956073
671109	-7.6473744803689722e-06	-0.019333553599550232
671195	0.0030660308018918329	-0.38305236639517659
671275	-0.00020500920780268318	0.0067249327287473995
672024	-0.00035834971376516589	-0.3422387152039964
672786	-0.0016882986050526269	-0.097665050804956396
672888	-0.001087309692917547	-0.33968108032995936
673179	-9.4210915027707638e-05	-0.24209603734066867
678659	0.0010591828621631316	-0.26435988056945209
678925	0.0010726204988377609	-0.35498488432605735
679707	-0.00065939050960908154	-0.031355410986967001
680205	-0.00059721341712823395	-0.31832321487267384
680571	0.00035956578019956148	-0.28525563492958206
680734	-0.0014327175038642177	0.060018796954117694
681720	8.513131317552285e-05	-0.080979986313551605
682988	-8.2595086429906395e-05	-0.22507797038190108
683683	-0.00023120610226794874	-0.12451326549020986
683862	-0.0011723896328407551	-0.26464159069680981
684462	0.0018921685306064553	-0.13096219642593995
684609	0.00027862440964493635	-0.37571074202502497
684632	0.0011172748397607587	-0.20487606282713566
685203	-0.00046210856794412438	-0.27877405495833035
685226	0.0021731882586758372	-0.10047294744794343
685264	-0.0010338655489609393	0.044526339196219539
686571	0.0019443270988171216	-0.2040078389699071
687312	0.00053366154262622038	-0.10008284797779249
687802	0.0017421709082353052	-0.24582861055066829
687876	-0.001758565764212293	-0.2122263995661163
688279	0.00085681184825041248	-0.59367192578909533
688664	0.0017254306845097813	-0.31088382916436658
689082	0.0031102830585513601	-0.21650080192471455
690764	0.0018535134518180029	-0.143153639360102
691684	0.0002885578477977613	-0.2205233498913948
691741	0.0014831977920539961	-0.17240479750739016
692062	-0.00024180451770594255	-0.18784476056155802
692732	0.00053573498080123662	-0.16007392669056236
692874	0.0023596065485912911	-0.11462288911505206
694022	0.00020371364175873589	-0.077426940903392041
695437	0.00076155009722766575	-0.58175485772085389
695607	-0.00083508502059867007	-0.25622839880319553
695988	0.0015907929679031783	-0.29123283662127197
696844	0.00043612305109390066	-0.072492911007396424
707268	0.0021168270628865562	-0.059996906636131345
707493	0.00045562952039050926	-0.015359393905164208
709243	0.00069348406512147339	-0.074581451947619781
709275	0.00043852826390991919	-0.24383186760727954
709285	0.00034957989670555446	-0.32781183241585854
710178	0.0004236345070545793	-0.34136671394471491
710411	-0.0015156414410375406	-0.53260023742135543
710565	0.0002998750319062036	-0.20848463036737797
710899	0.00036110257656989239	-0.22409129609459619
711244	0.0013614130274802946	0.028503131827073664
711686	0.0017614635849564865	-0.17482665848465817
712647	0.00054963059844323307	-0.29775705639010314
713011	0.0023925751754089314	-0.23165270056292159
713475	-0.001145687288373886	-0.26859255504511953
713723	-0.0010780889924045301	-0.12856055872077563
714008	0.00079285699777897163	-0.12670230032733748
714218	0.0014048859362323354	-0.11925428752755265
714349	0.00020232071385521124	-0.28603067870563131
715205	-9.178900447246981e-05	-0.033968139899691024
715551	0.0015968810051213457	-0.37030564789319254
715554	-0.00076294166693959833	-0.13480570797007602
715946	-0.0010247954162246277	-0.13576624534898499
716197	0.00037775210113325745	-0.44084851878877124
716227	-0.00049735169861007955	-0.33689958369612716
716345	-0.0011489386662375982	-0.2967581452439641
716475	-0.0004137945980038102	-0.20224231529295156
717207	0.00054055506800077566	-0.3582829089002304
717734	0.0030989350402007201	-0.089319375793626199
717751	0.0014999148455447408	-0.30474273551557879
718696	-0.00085977425155677302	-0.40066231338638064
719452	-0.0012033403934340967	0.056468558630848778
719803	0.0019906955585443508	-0.01684760976210227
719813	0.00023910552211986978	-0.30740718728241834
720106	0.0023511957566128864	-0.29535601683009127
720160	0.00048521944723175191	-0.15127588783023166
720622	0.002089292250875121	-0.20872203832846054
720937	0.00033085775737353405	-0.20152871243056944
722688	-0.0012786096024949099	0.02145508045765708
722823	-0.0014644138397297377	-0.078316248655837709
724083	-0.00025226068158362008	-0.012614611451275775
724771	-0.00048114566660858397	-0.18809287384161391
725525	-0.00073143768310695559	-0.077928159475152081
725956	-0.00050313656820861986	-0.1246512638469517
726481	0.00051034583493060658	-0.073834779914851725
726601	-0.0013539273357705797	-0.33361390096123883
726684	0.0026567125706724723	-0.15749681471829846
727518	-0.00078948229680832053	-0.074240909118962958
727544	-0.00068970769862383035	-0.081320736818959946
728293	0.00029744258149885837	-0.2287733218250437
728351	-0.0010835109442013087	-0.23433224122437596
728728	0.00021847730012171124	-0.31299838349959513
729263	-0.00063926134320366548	-0.20565123170908695
730399	-0.00088250469301186588	-0.087047896302776775
731035	-0.0010804910419899595	-0.14166046413360681
731057	0.0007549370335942448	-0.2382477837569113
732564	6.2609190559504303e-05	-0.17607673789119266
733341	-0.00042096660712413351	-0.40034460728612109
733511	0.00014303167784147984	-0.2060297612648164
733670	-0.00018039286019787531	-0.27016636032607683
733749	-0.00085884914159615176	-0.4016663744238842
734864	-0.0013527919316092736	-0.26053519556125243
735245	-0.00068073258459303021	-0.32058210706456963
735651	-0.00050701502946620724	-0.20886862722938093
736954	0.0030049413132333964	-0.46850656463274321
737416	0.001424825889466391	-0.1298943957616106
738682	0.0013071012245823854	-0.23612132152051865
738751	0.00033182897279136585	-0.07768187717421271
738981	-0.0013022369503707216	-0.19719343472400755
740173	0.00099396004110867799	-0.46995891102666398
740518	-0.0021663751387690647	-0.0049675347087816089
741939	0.00099142620740636498	-0.1081425252833353
743605	-2.9875588896447185e-06	-0.41159207093245481
743660	0.00087446725674237549	0.021102196431163921
745586	0.001112696913047051	-0.062055445714675667
745702	0.00096044103396872305	-0.042464915610326164
747102	-0.00068434231084025339	-0.17584858178497023
747980	-0.0016602471038366659	-0.32250850910616835
748539	0.00051656805039394034	-0.14029976039589553
749790	0.0028892491066890708	-0.20864345351894503
749847	0.00072039853462851954	-0.23516810246710365
750679	-0.00026739971622020964	-0.18982403887173671
751122	0.0008687543171674915	-0.22910625195022649
751225	-0.00092866620718830024	-0.037888743855115148
751276	-0.0010466716755334852	-0.18777309499420156
751527	-0.0012966591864141935	-0.1207806194983333
751717	0.00019316917452080989	-0.11306276701383532
752319	-0.00029137419504629688	-0.28383159045836781
753173	-0.00062628088487685181	-0.27843886445900046
754422	-0.00053064854202818004	-0.43629764547749894
755103	-0.0007799715202570117	-0.14021890588057401
755755	0.0014347010900742805	0.11543460340715478
755900	0.0020043428089544435	-0.18147325704857425
756216	-5.9781571838804894e-05	-0.30714163339205552
756405	-0.0017397506886587734	-0.35306924991102395
756471	0.00039632839651337188	-0.16276690655475065
756859	0.00065286479025225032	-0.2018532034001522
758025	0.0024293447549991495	-0.2300674100230318
758298	0.0023204728585579934	-0.28863041581771615
758468	-0.0007893987969956114	-0.33246289468039975
759975	-0.00074324765571314962	-0.26803941563294209
759976	0.0017251353914188887	0.16837055565515321
759979	0.0014898234235348425	-0.37104391274322585
760546	0.00026278684851760653	-0.038009362564627641
760672	-0.0018122994745777268	-0.36324433480499063
761271	0.0014126742472949879	-0.20749141817096392
761463	-0.0014485358469795376	-0.48189553025178949
761739	0.00032738439764473811	-0.052246541601830253
762108	-0.00025272978455134656	-0.11205958271326658
762121	-0.00066219798208360737	-0.40803151025859219
762727	0.0013991166015211132	-0.15700183748346472
763023	0.0011532376475889815	0.036322102181483587
763367	-0.00090051407228862782	-0.40872985441117554
764491	0.00029656644368223316	-0.17748113737968949
764731	-0.001095226040538981	-0.1049488405536658
765693	-0.00034097938448647124	-0.028199139541303656
766051	0.0018405109109665562	-0.33753884513531712
766631	0.0023483675761446143	-0.028696501396171803
766928	-0.0023976380755650986	-0.2192913930025441
767562	-0.0012352943317986858	-0.049597884875920768
767964	0.0014262686562819184	-0.30120221447944395
768116	0.00059854521515303452	-0.18405971381672523
768640	0.0031399405287126738	-0.091719561147081921
769600	0.0008549311961344242	-0.21375272403262136
769622	0.0018898022006128752	-0.13280482146443226
770401	0.00028905176889973037	-0.37759133141501811
770443	-0.00094854319382534687	-0.083353916175241752
770949	0.0026110474649501795	-0.19446375215575024
771913	0.00011813564011260231	-0.045425904570649538
773676	0.00063030858798653359	-0.12773136717715469
773924	0.00043875478782413576	-0.26334760554709391
774046	0.00040800316754505735	-0.48978798313203886
774785	-0.0014611922355507664	-0.11922109405583051
775164	0.0020561821333004889	-0.1168202273942438
775312	0.0027027346829317698	-0.35630498683605322
775655	0.0037500529415031474	-0.22542007830483052
776554	-0.0013501928170165617	-0.2059213344011811
777023	0.00034211827682948661	-0.19593237479909945
777437	-0.00095846383603980152	-0.16266609372900112
778326	0.0013580469620406333	-0.31803001810006104
779168	0.0013813464952145984	-0.093046637230327148
779438	0.0016170076944684814	0.093304744018999533
780466	0.0024245406081420976	-0.27265817788523578
780564	0.0035979085131111954	-0.20862098083482764
780626	1.803195901517755e-05	-0.33201559867289226
780986	0.00090283134167590262	0.084429892310221202
781004	0.00061923273898942233	-0.26607091482647255
781849	0.00017536960509470154	-0.20388291550236975
782723	-0.0013517697089494071	-0.14012034982860733
782886	0.00050286640895162195	-0.18630511473966915
783721	0.00098587600148478008	-0.20878526662164199
783991	-0.0006954488168439758	-0.074818923900791132
785662	-0.0011100654553301567	-0.38125503024314578
785862	0.0040666873557462027	-0.19053820142845307
785865	-0.0021507049939901834	-0.22066870580720815
786691	-0.0015184192494538352	-0.18010582118382451
787056	0.00036255990449465206	-0.15951948878862277
787254	-0.002107568248441495	-0.11422456759206001
788807	0.0010208073538305565	-0.26124834690635912
789634	0.0023843281294857622	-0.27631832622473085
789821	0.00094139783137800904	-0.017055942884177416
789971	5.8669350929112934e-05	-0.22110417334286164
792084	0.001472514509241418	-0.0097048604889959644
792227	0.0019446023743624253	-0.25481440753560225
792907	0.001666714645959997	-0.14881347013635357
795078	0.0033234188911841801	-0.27249039166205086
795160	0.0012933928449128359	0.017229736653870415
795170	0.00099754543683250991	-0.39656883203169363
795396	0.0010648708703342984	-0.28184550504948902
795563	0.00074502709853974374	0.032228172100122347
796060	-0.00039985583721871185	-0.36153123329528092
797829	-2.539505632281891e-05	-0.21033112870844939
798513	-0.00099105355946968367	-0.20846434377063588
798532	0.0017369749170628563	-0.056214615433164257
798782	0.00022548722132396861	-0.20519770135809154
799055	0.0029387097681077149	-0.25018130669217442
800073	0.00167417485567383	-0.2669795756229032
800288	0.0004881781214627341	-0.26958826975349198
800367	0.0012691857311212932	-0.01988888506964296
800557	-1.9467661831123334e-05	-0.25275381023111987
800732	-8.0022999714917742e-05	-0.23211399463703425
801194	0.0013659111513171327	-0.25602335985124897
802385	0.00011306225071699722	-0.13804964666201641
802600	5.1895899852703138e-05	-0.32672241238221605
802632	-0.001063198602738289	-0.28107077026167926
802826	-0.0020725324716437087	0.061193161751795191
803542	-0.00085292788986779877	-0.18249131487660072
804461	-0.0012438399405888929	-0.1625233871099874
805179	-0.0011854989727110759	-0.10866228915755954
806313	0.0018918149480617191	-0.19173171557078256
806885	-0.0015861339028111015	-0.045105422042467896
807786	0.0012602125460693878	-0.33387192718205749
808565	0.0022946845049330745	-0.21520011269432698
808829	-0.00083691730457681663	-0.20114590454964701
809441	-0.0003098361384665147	-0.028903735149665211
810593	0.00076414741044131197	-0.29650373119892398
811439	0.00015829940696622763	0.068140221788751648
813679	4.7990779403465954e-05	-0.1044113524785277
814931	0.0024539161684507976	-0.10938677078658415
815197	-0.0013619764360645985	-0.37529714186781032
815577	0.00055983585805951131	0.17652885662573867
816178	0.0008160509918826676	-0.28403888700880242
816489	0.0020501048952850992	-0.1238001763089341
816792	-0.00085102917012328265	-0.030126548879365615
817602	0.00048768720587213758	-0.2035213125205563
818315	-0.00049123379579870546	-0.27830331399682284
818704	-0.00071835848486376122	-0.18895202093193458
818890	0.0015739112795571334	-0.083991292393612207
818935	0.0019226381678480147	-0.099698630003393393
819218	0.0034541375919991601	-0.25319176530915288
819877	-0.00031434918539220182	-0.43475003802410028
820080	-0.00038354373539998491	-0.14567986584481429
820285	-0.0018342656337681663	-0.17107882811447858
820603	0.0013227960261616187	0.084706321501433882
820632	0.002002366053496562	-0.090963542387791502
821467	-0.0013620348236271082	-0.19977036436487042
822154	0.0044522792221336396	0.079537680338363587
822833	0.0013411074345560641	-0.33552823053324693
823038	0.0012299549471103456	-0.22205966634802707
823354	-0.00091810542227703301	-0.1979888330125163
823483	0.00053402080178542935	-0.2797385056010121
823715	0.0031294171780659168	-0.18174464589182698
823749	0.0021086197346890912	-0.080257282741772629
824133	-0.001065950061182314	-0.33396090816015706
824174	-0.00017000380236763908	-0.39614130319805652
824385	0.00081540131361758795	-0.063095841907646361
825113	-0.0022008691383097784	-0.14471372515691261
825389	0.0014384523786655067	-0.18833918006186182
826501	-0.0011836547956713026	-0.33939676834063837
826584	-0.00077702770870530799	-0.39610595151270084
826940	-0.001073107717111402	-0.14739405168423184
828573	0.0026371845783583628	-0.46383469088706791
828600	0.0010078247073824487	-0.13929096570459604
829183	-0.00085868250956817166	-0.15351812833260245
829543	0.0015437790527412167	-0.081163323766343026
829586	-0.0026271018088211803	-0.16946082094814086
829958	-7.0212708047781916e-06	0.056216455119190371
830035	-0.0016256341205655566	-0.24109543657730184
830452	0.00074916183585857217	-0.072215616469331584
830499	0.00028404689334386572	-0.16382570440848382
831028	0.0013399480593936307	-0.54388925004808164
831222	0.0005183255401546295	0.039919239944003704
831730	-0.0022403822579495055	-0.17338388004731484
832455	0.0030199456806726632	-0.44550118459062565
832830	-0.0013872174482168305	-0.066063870840073313
832879	-0.0015909509004352848	0.13473202953308197
834635	-0.0018018268838207755	-0.010607701262552116
834780	0.0018648212157393025	-0.27970074716702714
835273	-0.00025687143695784175	-0.1875004386871777
835312	0.00069958144504082961	-0.32095437854140008
835747	0.0019019305624776357	-0.19698858885342274
835952	0.0020662302433503365	-0.17438929109585918
836721	-0.0031096541987574644	-0.48769931598993876
836822	-0.00089847201644904838	-0.15262152638104662
839167	7.0360503219694427e-05	-0.26453451669874517
839707	-0.0018910699653923782	-0.49183457071938047
840063	-0.00078582696817100321	-0.14216822028228607
840227	-0.00081005626928704077	-0.26421934758528015
840251	0.0033753470714146805	-0.53255679942963319
842069	0.0013257932918997973	-0.15247080301025157
842445	0.0039110057439556995	-0.22650508438326905
842663	-0.0020015039373904213	-0.23722647814146464
842780	-0.00056202228125612421	-0.18728569928535668
842827	0.0029833821405568358	-0.41217890792895384
843493	-0.00057436397741939503	-0.1293918537291068
843847	-0.00046280600286258811	-0.20959758140023038
844068	-0.0016776289418334229	-0.27053034589095742
844578	-4.2272196097955031e-06	-0.092271975218258376
844831	0.002094432840209692	-0.41787243743931607
845379	0.00078174700772777432	-0.18424297823980587
846676	0.00085957348389540007	-0.11858962302987738
847512	0.001622082840794846	-0.082922773483521672
847573	0.00038735798087853992	-0.03986469159421864
847977	-0.0011462281903070572	-0.26774234522597512
855591	0.0030269914232458686	-0.073333357213529432
856024	0.0023785946701402163	-0.058719221640641077
856325	0.00021193857254963797	-0.13927558402966983
858762	-0.00040178346444384532	-0.30480349673651008
858879	0.00063040879250371136	0.057772649570766499
859115	0.0017915424766670267	0.040781790976599605
860472	7.1462444915702372e-05	-0.23340332913308384
860628	0.0022485229692556369	-0.44967413312472809
860660	-0.0004821894275295795	-0.20575619081974802
860750	0.0017712659102619866	-0.18026681250504087
860860	0.00073142387151646959	0.024892816273523057
861060	-0.00069647387706797204	0.070984407054940649
861285	-0.00072740614542075323	-0.12743370348309882
862180	0.00030560573734871987	-0.056121297746087269
862502	-0.00027579782013976701	-0.16801832880585674
862643	-0.00080156562985747863	-0.5192052117214917
865138	-0.00030457570667170647	-0.10223505811145109
865405	0.00022641605631304571	-0.27645559163144762
866175	0.000257404852261299	0.015242580049495668
866447	-0.001932695994928591	-0.052864405106125924
866851	-0.00063610191278695358	-0.034171918811434811
869413	0.0036357803727657539	-0.39546670801937295
870023	-0.0028846253197213675	-0.33145588574002044
870330	-0.0017990756378777207	-0.075570566992620741
870333	-0.0011816891844396867	-0.26918817067748513
870374	0.0013995220060245778	-0.17443144964223578
870536	0.00055134158675987453	-0.11619438188364078
870854	-0.00077848519041155391	-0.20458830761326061
871610	-0.00086409603122141214	-0.32022793589386123
872114	-0.0020222806264481802	-0.028780325161658953
872121	0.0015794055785581039	-0.18583465143115363
872572	-0.0014696433351094203	-0.12973088974635685
872812	2.0230881906646873e-05	-0.22748780029178992
873858	-4.9094920733603253e-05	-0.29514485159734921
875163	-0.00027418932142149097	-0.4248173159787958
875287	0.00085627015784688889	-0.1432569179341158
876152	-0.00027879869490186979	-0.26032549445528691
876203	-0.0010760450749700231	-0.27082016954849214
876907	0.0017078632541744623	-0.42443897860983743
877129	-0.00015121371618994576	-0.1119968106132424
877323	-0.0014240320551567299	-0.20567873329987318
878127	-0.00010217802374265343	-0.37983069505183681
878535	0.00063758366485157196	-0.20887719975343205
879492	-6.5592686867676619e-06	-0.1926954891778673
880166	-0.00051282090413115264	-0.14914439972933416
880450	-0.00088765621877169294	-0.10858839637874636
881196	0.0015918639157236933	-0.086462239550792089
881325	0.00081511894711254755	-0.44486316591041158
881532	-0.00030739952781620901	-0.27352679486327403
881542	0.0021223619361561094	-0.12786738832666419
883533	0.0012083279529760994	-0.21717785769532769
883954	0.00050454045109646958	-0.034888722216933905
885054	0.0021844895887131476	-0.12296231920284678
885375	0.00023337384365851278	-0.14692111171844047
885941	0.00053537030820909807	-0.2025116628574376
889408	0.0017667461810979667	-0.057679078275159661
891072	-0.00080082686609116887	0.016223879359292381
891795	0.00021179685354318794	-0.25693424007133986
892084	0.002500288962683575	-0.13260693060320988
892328	-0.00041751908349630458	-0.15193212020953911
893669	-0.00083752749192181212	-0.33482177479601138
894248	0.0043055723942058317	-0.13114334564325797
895716	0.0033062289987513403	-0.3214624866410008
895761	-0.00064740948726890355	-0.26209718144998712
895981	-0.0016317154333765126	-0.0011561186594713827
897062	0.00089167209171110663	-0.1539294563104916
897956	0.0029441985351665199	-0.46790545420640112
897966	0.00096845046109688576	-0.16102980988819499
899874	-0.00028504444150964821	-0.18243932672838439
901119	0.0020352956262918885	0.0052062926990462778
901259	-0.0011854066694662153	-0.10917568839144233
901382	0.0021951903694195614	-0.45310931863014281
901449	0.002996978860058834	-0.067696048232534459
902563	0.0018490893263258797	-0.17992787071109406
902730	0.00026374278367546824	-0.24705079986394643
902904	0.0012665926258799503	-0.10571059076930735
903303	0.00058977907405178241	-0.14685380025948769
904723	0.00044272383406176053	-0.39206339210392593
904966	0.00028027166575679877	-0.23063420556190353
906679	0.0014432029150155076	-0.28662648554216286
909141	0.0018403760468760086	-0.33014603366675177
910561	-0.00089943929796286123	0.016690709307066624
910989	-0.00084088666437585977	-0.083189579006534287
911867	-0.001104868270713931	-0.28016387077599103
912912	0.0020299838802560486	-0.36353619399579712
915759	-0.00039590115089508434	0.037257010817096405
915950	-0.00068869016782545985	-0.17387218292429779
916308	0.00047766284913147413	-0.42490034638420465
916742	0.00059688864468097078	-0.085402753348040025
917833	0.00027129818768497358	-0.21420858754347699
918033	-0.00026169303067960579	-0.33827965831701279
918215	8.5150159964814598e-05	-0.1101492615958726
919386	-0.0010876102839798678	-0.26686127149937056
921979	-0.00012232622925827758	-0.34640126411651806
922297	-0.00027016488939676645	-0.10063127061020925
922512	-0.00033369175336304957	-0.037542891747131803
922725	-0.0017945775146118773	-0.30000884476558365
923141	0.00022268340234147849	-0.31892094044424868
925100	-0.00072149023016047215	-0.032683470479445642
925821	-0.0014393511543240004	0.0095840717354468835
926926	-0.00050851100943465131	-0.1786494643482491
927665	0.0019362533102581054	-0.031384516129051514
927944	0.0023911106362725322	0.021811683455739979
928603	0.0016033681892422703	-0.21931686833861988
929785	0.001515231888500398	-0.34281884461897755
930409	0.0041045625379378158	-0.42227823600893227
930415	-0.00056980465181276309	-0.29720399032210804
931539	-0.0018305722801550753	-0.26634667959820268
932152	-0.00083160127189292165	-0.25463932347408397
932863	0.00063028775293616848	-0.20241018315632081
933193	-3.1409275984405939e-05	-0.0055701408419012617
933232	-0.0015666635466753012	-0.11339500499295922
933699	-0.00078717508139432854	-0.10119849543944097
939548	0.00058234872732993684	-0.053738039875677074
939641	-0.0006069804889149269	-0.19786358399455076
942419	0.00093099652880336938	-0.36533577373157511
942785	-0.00096273217959985408	-0.093807688615195409
943213	0.002893200595720733	-0.45071843358681851
943933	-0.00052029831676159242	-0.076923563971561443
944796	0.00055706277363846545	-0.17111989400258762
945974	-0.00083889606517842472	-0.31851654478709041
946083	-0.0014700528909189637	-0.18869790336835068
946805	0.0010592436368428437	0.0877383384973969
947850	-0.00080584241591301787	-0.12903201570308126
948120	0.00026713986740115048	-0.11118482785493154
948309	0.0013515297518249059	-0.29524033555912804
949633	0.00029456505277255705	-0.14584230377954194
949779	0.00080015654546163745	-0.38613989212580868
950447	0.001779161744015875	-0.28440740646853102
950845	-0.0012540356828674079	-0.25698925829596819
950959	0.00037286203004889941	-0.046037639935276924
951639	0.00011363684128513408	0.028654211242956931
952518	0.0007318110783756061	-0.2965977614532716
954317	0.0026850145151702419	0.032488311595852269
954398	0.00041758378811982853	0.029705368159789892
955019	0.00074884547063475994	-0.13963175623254068
955133	-9.7789620629837488e-05	-0.30871227552685221
955182	0.00038052433366278244	-0.10990837781448842
956807	0.0016465495303573667	-0.056091615537942174
957084	0.00042227321835477125	-0.20546609964107254
957467	0.0012370831336795862	-0.14098562975590456
957780	6.8458590827300035e-05	-0.076973887374732167
958793	-0.0011965313801120998	-0.041918520235706219
959317	0.0011300634971111131	-0.33036832363746216
959804	-0.00041876235749355731	-0.12822470215898146
960014	0.0028522434749913865	-0.32398977712599963
960100	0.0013552338519345621	-0.16313457280654581
960261	0.00072023936131706623	-0.066703074422912498
961106	0.0012079793848407117	-0.13004436483612813
962055	0.00021073256685124144	-0.1757482452250953
963178	-0.00038690139795023205	-0.30636534117569431
963540	0.0016531218188199348	-0.2843222788723529
963838	0.00029032632674795772	-0.33867067484943286
964683	0.00064970307944339398	-0.044074554143926879
965133	0.0021094088825978031	-0.20337403412396421
968056	-0.0010782106169720529	-0.19133895115835123
968465	-0.00063892551211057469	-0.22088583964820488
968642	-0.0014661222915979674	-0.42628351875847476
969016	4.6047698120657218e-06	0.040784181899710753
969248	0.0018818836207865649	-0.2454610887426884
969753	0.00092048418040941793	-0.27446179030494883
970379	0.00032406340022875235	0.015149045425099445
970743	0.0032409179244086458	-0.11041191395180629
971228	0.0012943486434251407	-0.01311432926476958
971350	0.001393361540059845	-0.17307219217600403
971933	-0.001697140252941964	-0.21761611069340261
971964	0.00093132984740531286	-0.16774980576564108
972357	0.00059422492511637236	-0.051876781785266453
973588	-0.00086006016494328044	-0.1511960986896429
974199	0.0028501192168238275	-0.057493846923656874
974900	0.0021614468988920867	-0.30050932209282927
976078	0.00056344750662692586	-0.24698102837445784
976388	0.0010890112222769624	-0.33650058260291954
976441	-0.0010792664108470703	-0.25328644876425588
977218	-0.00045057597459020058	-0.19818842490761385
977636	-0.0011574755457558193	-0.21846401449700181
978001	0.00087121518310855073	-0.19250118452895015
978447	-0.00079943395512804914	-0.53953539160499087
978587	0.00072498155697824909	-0.16757564385176021
978614	0.0024630801996550176	-0.4148641148320471
978782	0.0010080986760652073	-0.17434816788078217
979419	0.00024223579190739203	-0.11536802267801335
980637	0.00072493399963912287	-0.2298594546990958
980966	0.0020574356544522622	-0.091249076426555359
981171	0.00062252359940558099	-0.1839375976217493
981769	0.00070989554410476026	-0.064607049315560994
981798	0.0013409749650403918	-0.23774894826666695
981917	-0.0016994564944583957	-0.054656072757556247
982495	0.0012168440828501086	-0.072804269166244745
982644	0.0010709553790351914	-0.20589975837192248
982826	0.0012535066622023764	-0.21922813157870066
985283	0.003395113939251179	-0.30831082611214972
985491	0.00099840606602489331	-0.28247086170492552
987141	0.0016058292957364479	0.048361515201578179
987831	-0.0014126100920341471	-0.37508798031890594
987868	-0.0020077818822913365	-0.084995289635415736
988320	-0.00050765465240548593	0.05280931527879127
988341	0.00090928204554587997	-0.1983583168369398
988894	0.00095522587782197665	-0.39121802512292192
989320	0.00021512176879494847	-0.38201295683736414
989669	-0.00026169253769771459	0.0018262139929942412
990031	0.00027168038969812322	-0.10933654913673432
990907	-0.0027028942953056388	-0.33822044787969296
991230	0.00040882563959535295	-0.24219167667140717
992012	0.00064234665286127016	-0.287582527555718
992801	0.0038722944469027319	-0.25519209257682679
993373	0.00037882626404380946	-0.15817213899892768
993489	-0.0025353132598533706	-0.14412621902357223
993739	-0.00054275711909047483	-0.083220868180084284
993890	0.0022114641874499208	-0.15133146625456842
995074	0.00082344608369078112	-0.19556881851064256
995694	-0.00075389284128195896	-0.27766519206961832
996223	-0.0011546389045621222	-0.082063384434097081
996359	-0.00024135347157948437	-0.32036643102942536
997135	0.0024925155376565107	-0.15079809029956456
997287	-0.0010680649772033474	-0.45622638421038486
998144	0.0022391578671257452	-0.028905691723839423
998762	0.00023001354012867035	-0.059005911101482934
999064	-0.00018124663446719832	-0.29360935285175671
999143	0.000297812459079198	-0.11659564969647852
999147	0.0028966997303489775	-0.15119131998875371
999165	0.003098888169139672	-0.028775281648981903
999290	0.0026480784233926685	-0.24409789279965541
999860	0.0024841681715790888	-0.10364087070225529
999884	-0.00047968443444476074	-0.32721527652516097
1000192	-0.0010157930368523043	0.065996922752647721
1000298	0.0029665002738639501	0.13063206250168052
1001397	-0.0012944597245935366	-0.20807860981790385
1001515	0.00020584963290087572	-0.088223169749407637
1002596	-0.00016157662613295242	0.079222834012173005
1003344	0.0027026161491800174	-0.18620512508705464
1003821	0.0011655445264308361	-0.03596840500481948
1004292	-0.0013907306058755977	-0.242370159397714
1004748	-0.0010705573602236517	0.02351576707526587
1005054	-0.00061601369546139474	-0.28366883062838871
1006490	0.003409724139927794	-0.36671621734589521
1006551	-0.00073537245695667582	-0.064385502234423797
1007561	-0.00017869230442106197	-0.19283641009337202
1008148	0.0014663235139451153	-0.053473945110174156
1008336	-0.00016969343614863007	-0.048142393330994154
1008510	0.0018062360859183281	-0.27342699682276772
1008516	0.00089510329570549607	-0.11781068809469622
1009298	0.0017645664716749057	-0.11054022974431812
1011425	0.001886626600487098	-0.2323301614181397
