target	fold	l1	alpha	mse	active	converged	dual_gap
xptar	0	0.1	0.1	0.0002496589825759399	35	True	9.787655409021354e-07
ytar	0	0.1	0.1	6.342999304601825e-05	61	True	9.976408233813287e-07
yptar	0	0.1	0.1	2.2018678091242738e-05	21	True	9.5399394879058e-07
xptar	0	0.1	0.03	7.879397040658558e-05	31	True	9.588512500444345e-07
ytar	0	0.1	0.03	2.9216888866858406e-05	68	True	9.948197388302577e-07
yptar	0	0.1	0.03	7.840925399782786e-06	38	True	9.898060717847364e-07
xptar	0	0.1	0.01	2.2859305921381583e-05	51	True	9.93117459130808e-07
ytar	0	0.1	0.01	1.3533153034576104e-05	86	True	9.999045890143307e-07
yptar	0	0.1	0.01	3.1775073898658478e-06	50	True	9.995573470702956e-07
xptar	0	0.1	0.003	8.673575231488957e-06	67	True	9.996438307986497e-07
ytar	0	0.1	0.003	6.453822584948556e-06	100	False	0.00022447796912024645
yptar	0	0.1	0.003	1.7374773544410663e-06	62	True	9.99628234508686e-07
xptar	0	0.1	0.001	5.273375257020283e-06	97	False	7.459290101875425e-06
ytar	0	0.1	0.001	4.111617193351179e-06	129	False	0.0006679054134175231
yptar	0	0.1	0.001	1.3789873742796433e-06	71	True	9.99690367644068e-07
xptar	0	0.1	0.0003	4.115423810243204e-06	116	False	1.5160916600983765e-05
ytar	0	0.1	0.0003	3.073993189315732e-06	154	False	0.0019044961559525214
yptar	0	0.1	0.0003	1.2590211775858514e-06	98	False	8.119506609621448e-05
xptar	0	0.1	0.0001	3.607307112019248e-06	134	False	7.035331763830885e-05
ytar	0	0.1	0.0001	2.624003239876257e-06	171	False	0.0038608525387045208
yptar	0	0.1	0.0001	1.2170199157222464e-06	130	False	4.819978172925885e-05
xptar	0	0.1	3e-05	3.2226859161816816e-06	165	False	0.0007142261195246754
ytar	0	0.1	3e-05	2.4374996137305415e-06	192	False	0.00604786011290403
yptar	0	0.1	3e-05	1.1979013376435645e-06	154	False	0.0011956823506629067
xptar	0	0.1	1e-05	3.0511275892060436e-06	195	False	0.0009449150866118783
ytar	0	0.1	1e-05	2.3817438345231966e-06	205	False	0.007005512863722462
yptar	0	0.1	1e-05	1.1919029814318755e-06	188	False	0.0019349731757474773
xptar	0	0.5	0.1	0.00030677829416268164	8	True	9.390291279606784e-07
ytar	0	0.5	0.1	9.65024295927067e-05	12	True	6.713202311288924e-07
yptar	0	0.5	0.1	2.639667019687604e-05	6	True	7.94896567428081e-07
xptar	0	0.5	0.03	7.310522513324824e-05	11	True	9.613551500290352e-07
ytar	0	0.5	0.03	3.1926285997591575e-05	20	True	9.885953534323717e-07
yptar	0	0.5	0.03	9.375970785787121e-06	8	True	9.239192759267772e-07
xptar	0	0.5	0.01	2.2392757423611303e-05	13	True	9.585680603713039e-07
ytar	0	0.5	0.01	1.3040303692036671e-05	34	True	9.939084525910211e-07
yptar	0	0.5	0.01	3.8191841648231106e-06	17	True	9.845482389111124e-07
xptar	0	0.5	0.003	1.0189781242678836e-05	30	True	9.8894674771853e-07
ytar	0	0.5	0.003	6.76331978396759e-06	45	True	9.97806028618046e-07
yptar	0	0.5	0.003	1.8688956074895836e-06	27	True	9.924535620971053e-07
xptar	0	0.5	0.001	6.387318589323473e-06	40	True	9.99665519791159e-07
ytar	0	0.5	0.001	4.307846254187982e-06	63	True	9.998431693421828e-07
yptar	0	0.5	0.001	1.5003678445119314e-06	36	True	9.980088662830536e-07
xptar	0	0.5	0.0003	4.7614483194388904e-06	60	True	9.988393389939706e-07
ytar	0	0.5	0.0003	3.128392993101894e-06	91	False	0.0003474862696995701
yptar	0	0.5	0.0003	1.318237327886629e-06	53	True	9.99755249220917e-07
xptar	0	0.5	0.0001	3.948252917364059e-06	79	False	4.27642982570884e-06
ytar	0	0.5	0.0001	2.6267075370420716e-06	113	False	0.0006523034913778603
yptar	0	0.5	0.0001	1.2396953833126084e-06	73	False	4.0580948500775915e-06
xptar	0	0.5	3e-05	3.4098173188110246e-06	101	False	7.708801605479266e-05
ytar	0	0.5	3e-05	2.4381804362621618e-06	145	False	0.002516403909828025
yptar	0	0.5	3e-05	1.2054909865098046e-06	103	False	5.853437888408336e-05
xptar	0	0.5	1e-05	3.1306132293081397e-06	138	False	0.0005118818579359286
ytar	0	0.5	1e-05	2.3819915678338534e-06	169	False	0.004631881621469642
yptar	0	0.5	1e-05	1.1955779123732844e-06	126	False	0.0006758281716529218
xptar	0	0.9	0.1	0.0003515076679489074	3	True	6.887606129677451e-07
ytar	0	0.9	0.1	0.00011479704716716497	2	True	1.0439951292046428e-07
yptar	0	0.9	0.1	3.0282283330678654e-05	3	True	4.0239550174781737e-07
xptar	0	0.9	0.03	6.383984452787265e-05	9	True	9.389629244548146e-07
ytar	0	0.9	0.03	3.1488230985777164e-05	10	True	9.909094807430677e-07
yptar	0	0.9	0.03	1.0238269196336642e-05	3	True	9.31843760623954e-07
xptar	0	0.9	0.01	1.9588241114099548e-05	10	True	9.788776932535055e-07
ytar	0	0.9	0.01	1.1797446799518842e-05	17	True	9.83787096362027e-07
yptar	0	0.9	0.01	4.613809591218922e-06	12	True	9.983895057162375e-07
xptar	0	0.9	0.003	1.1943232282985593e-05	20	True	9.995221895064906e-07
ytar	0	0.9	0.003	6.927838109333976e-06	30	True	9.98302349783373e-07
yptar	0	0.9	0.003	1.9838511217280424e-06	14	True	9.93540365081137e-07
xptar	0	0.9	0.001	7.312115472426187e-06	35	True	9.983346682272793e-07
ytar	0	0.9	0.001	4.395731080849633e-06	49	True	9.994216575973008e-07
yptar	0	0.9	0.001	1.5523954888713588e-06	27	True	9.914813671996018e-07
xptar	0	0.9	0.0003	5.22646214018548e-06	49	True	9.990839624147028e-07
ytar	0	0.9	0.0003	3.1451603697709297e-06	66	False	4.857018278505929e-05
yptar	0	0.9	0.0003	1.3604956328231426e-06	43	True	9.992092546631758e-07
xptar	0	0.9	0.0001	4.190606191382133e-06	62	False	1.637009290085433e-06
ytar	0	0.9	0.0001	2.5999313354265956e-06	88	False	0.00044721317135189986
yptar	0	0.9	0.0001	1.271707289397719e-06	62	True	9.997705021191905e-07
xptar	0	0.9	3e-05	3.5917416389468955e-06	84	False	3.1531218858310605e-05
ytar	0	0.9	3e-05	2.4408546639735553e-06	110	False	0.001501127078361187
yptar	0	0.9	3e-05	1.211954526985469e-06	83	False	2.037557028209828e-05
xptar	0	0.9	1e-05	3.2070471826753235e-06	111	False	0.00041993593087908125
ytar	0	0.9	1e-05	2.3849437046750306e-06	150	False	0.0029923163102225166
yptar	0	0.9	1e-05	1.1984642224170634e-06	107	False	9.782870121345755e-05
xptar	1	0.1	0.1	0.00024979848973528024	34	True	9.691982861580596e-07
ytar	1	0.1	0.1	6.306378679738601e-05	61	True	9.979794934820923e-07
yptar	1	0.1	0.1	2.1952828061194926e-05	23	True	9.627935552882702e-07
xptar	1	0.1	0.03	7.880069123995909e-05	31	True	9.54244188019452e-07
ytar	1	0.1	0.03	2.8928390158764178e-05	68	True	9.986167277029525e-07
yptar	1	0.1	0.03	7.784700216543238e-06	38	True	9.979372242717535e-07
xptar	1	0.1	0.01	2.2753942795721613e-05	50	True	9.967761855978982e-07
ytar	1	0.1	0.01	1.3286265051517262e-05	85	True	9.997988992594494e-07
yptar	1	0.1	0.01	3.1224284566469056e-06	51	True	9.990877568350793e-07
xptar	1	0.1	0.003	8.55001259531047e-06	68	True	9.99079361622682e-07
ytar	1	0.1	0.003	6.27937142824917e-06	99	False	0.00022927434931337606
yptar	1	0.1	0.003	1.701840724832001e-06	61	True	9.990767929030343e-07
xptar	1	0.1	0.001	5.183905366868066e-06	99	False	7.311407459955976e-06
ytar	1	0.1	0.001	4.027511653510171e-06	129	False	0.0006389890815491286
yptar	1	0.1	0.001	1.3551419644690326e-06	73	True	9.988931161820167e-07
xptar	1	0.1	0.0003	4.059918448220206e-06	113	False	1.4254511054986833e-05
ytar	1	0.1	0.0003	3.042944418884386e-06	154	False	0.002074022121764339
yptar	1	0.1	0.0003	1.2462336942986743e-06	100	False	8.386312074544212e-05
xptar	1	0.1	0.0001	3.5566843404393028e-06	131	False	0.00010196750974080943
ytar	1	0.1	0.0001	2.61751680499379e-06	167	False	0.0038584808738496407
yptar	1	0.1	0.0001	1.208476869722035e-06	129	False	8.590861722338786e-05
xptar	1	0.1	3e-05	3.181924497525445e-06	165	False	0.000771760247412093
ytar	1	0.1	3e-05	2.439215796038789e-06	191	False	0.005622551895304085
yptar	1	0.1	3e-05	1.1914843087983453e-06	151	False	0.0009812338335770743
xptar	1	0.1	1e-05	3.0216136517158852e-06	194	False	0.000964804590002423
ytar	1	0.1	1e-05	2.3832748648803434e-06	203	False	0.006965532878411218
yptar	1	0.1	1e-05	1.1866205655261313e-06	182	False	0.001986058186625168
xptar	1	0.5	0.1	0.00030739111972412873	8	True	8.583476363333474e-07
ytar	1	0.5	0.1	9.590354767175789e-05	13	True	9.440972865363402e-07
yptar	1	0.5	0.1	2.6245603077373132e-05	6	True	5.464841787040446e-07
xptar	1	0.5	0.03	7.279112146664101e-05	11	True	9.514078304187067e-07
ytar	1	0.5	0.03	3.159911814311592e-05	19	True	9.98949000974305e-07
yptar	1	0.5	0.03	9.280782952557554e-06	8	True	9.274556930260582e-07
xptar	1	0.5	0.01	2.2214345154225192e-05	13	True	9.875402065282866e-07
ytar	1	0.5	0.01	1.2823294193521036e-05	34	True	9.962760506190608e-07
yptar	1	0.5	0.01	3.7674555170169625e-06	17	True	9.999171692533919e-07
xptar	1	0.5	0.003	1.0058980656677624e-05	30	True	9.930381014105631e-07
ytar	1	0.5	0.003	6.605230289168538e-06	45	True	9.978428603531166e-07
yptar	1	0.5	0.003	1.8378373505403155e-06	28	True	9.956782391872834e-07
xptar	1	0.5	0.001	6.260238534342941e-06	41	True	9.998452124698151e-07
ytar	1	0.5	0.001	4.211937938486451e-06	62	True	9.997597726816812e-07
yptar	1	0.5	0.001	1.4803284812051293e-06	37	True	9.993519762797136e-07
xptar	1	0.5	0.0003	4.689164992429354e-06	59	True	9.997713154932292e-07
ytar	1	0.5	0.0003	3.0884273464387053e-06	90	False	0.0003560076742991603
yptar	1	0.5	0.0003	1.3025476480069686e-06	59	True	9.99681703729588e-07
xptar	1	0.5	0.0001	3.894366555441742e-06	78	False	4.77779554620566e-06
ytar	1	0.5	0.0001	2.6179005549704986e-06	115	False	0.0008559000731539855
yptar	1	0.5	0.0001	1.2287185701745034e-06	75	False	9.02272461461887e-06
xptar	1	0.5	3e-05	3.3619197199656443e-06	100	False	9.176143526052618e-05
ytar	1	0.5	3e-05	2.4436537281137695e-06	142	False	0.0021784930651858225
yptar	1	0.5	3e-05	1.1992827524192748e-06	98	False	4.84252710232025e-05
xptar	1	0.5	1e-05	3.0922263428501545e-06	138	False	0.0005616620249195218
ytar	1	0.5	1e-05	2.386605683079646e-06	164	False	0.0045951243002513836
yptar	1	0.5	1e-05	1.1902788744464201e-06	131	False	0.0005417448656988322
xptar	1	0.9	0.1	0.00035123975936931893	3	True	7.146258111421914e-07
ytar	1	0.9	0.1	0.0001145602697042464	2	True	1.0299112379271284e-07
yptar	1	0.9	0.1	3.024666708675306e-05	3	True	2.9855938448516674e-07
xptar	1	0.9	0.03	6.324691092600701e-05	8	True	9.965497834331375e-07
ytar	1	0.9	0.03	3.115890543439041e-05	10	True	9.958571431483126e-07
yptar	1	0.9	0.03	1.01593324157407e-05	3	True	8.738275831224232e-07
xptar	1	0.9	0.01	1.933324387133165e-05	10	True	9.217648769020823e-07
ytar	1	0.9	0.01	1.1594697169739017e-05	17	True	9.940732177406144e-07
yptar	1	0.9	0.01	4.54400808943776e-06	12	True	9.977618715719538e-07
xptar	1	0.9	0.003	1.1807253632309912e-05	18	True	9.978101541220183e-07
ytar	1	0.9	0.003	6.789980762911666e-06	29	True	9.974079169745534e-07
yptar	1	0.9	0.003	1.951151537594471e-06	13	True	9.838579668243458e-07
xptar	1	0.9	0.001	7.192072175268997e-06	34	True	9.992934852530129e-07
ytar	1	0.9	0.001	4.320055395128986e-06	51	True	9.999514720537306e-07
yptar	1	0.9	0.001	1.5309232104398445e-06	28	True	9.990096167291446e-07
xptar	1	0.9	0.0003	5.130118024375839e-06	49	True	9.99586646885543e-07
ytar	1	0.9	0.0003	3.1034196036402306e-06	71	False	3.36711140178524e-05
yptar	1	0.9	0.0003	1.3451173241166896e-06	45	True	9.99974069249327e-07
xptar	1	0.9	0.0001	4.13493382999053e-06	68	False	6.630339456403058e-06
ytar	1	0.9	0.0001	2.5914337386566628e-06	89	False	0.0003674109933068271
yptar	1	0.9	0.0001	1.2568376860290379e-06	66	False	1.4579062814879188e-06
xptar	1	0.9	3e-05	3.545336584287738e-06	82	False	3.122736967685422e-05
ytar	1	0.9	3e-05	2.4445779566727495e-06	109	False	0.0010724964022339792
yptar	1	0.9	3e-05	1.2047218616748607e-06	79	False	1.787477141041263e-05
xptar	1	0.9	1e-05	3.1618235114971476e-06	109	False	0.00043365938818700243
ytar	1	0.9	1e-05	2.3918683654385524e-06	147	False	0.002659962183057618
yptar	1	0.9	1e-05	1.1929595861700408e-06	103	False	0.0001080454465736492
xptar	2	0.1	0.1	0.00024915663073701925	34	True	9.76467800000658e-07
ytar	2	0.1	0.1	6.305632985097844e-05	61	True	9.95570315242904e-07
yptar	2	0.1	0.1	2.188283436476925e-05	23	True	9.621675055669264e-07
xptar	2	0.1	0.03	7.856646313765367e-05	30	True	9.924682356506345e-07
ytar	2	0.1	0.03	2.9008178697112626e-05	68	True	9.993885504124151e-07
yptar	2	0.1	0.03	7.735739531980047e-06	40	True	9.79668408454418e-07
xptar	2	0.1	0.01	2.2757506935383152e-05	51	True	9.997770370432954e-07
ytar	2	0.1	0.01	1.3399206078642217e-05	85	True	9.99312998756431e-07
yptar	2	0.1	0.01	3.10398494402089e-06	51	True	9.99317276510543e-07
xptar	2	0.1	0.003	8.604649300577166e-06	66	True	9.993464238166705e-07
ytar	2	0.1	0.003	6.351669105077919e-06	100	False	0.00022148358661868624
yptar	2	0.1	0.003	1.7014406540180026e-06	62	True	9.991608883472785e-07
xptar	2	0.1	0.001	5.179738426030076e-06	97	False	6.7250544147979036e-06
ytar	2	0.1	0.001	4.054879420438905e-06	126	False	0.000640180439041844
yptar	2	0.1	0.001	1.359699690218216e-06	75	False	1.2476468566044574e-06
xptar	2	0.1	0.0003	4.025235440998835e-06	116	False	1.1550278705504079e-05
ytar	2	0.1	0.0003	3.03032155777508e-06	152	False	0.001618851454108086
yptar	2	0.1	0.0003	1.2455306160423731e-06	98	False	7.36447757044133e-05
xptar	2	0.1	0.0001	3.526738591788854e-06	131	False	6.7894426492748e-05
ytar	2	0.1	0.0001	2.590542780521777e-06	164	False	0.003917212372971748
yptar	2	0.1	0.0001	1.2059947327689426e-06	124	False	0.00011955665392985103
xptar	2	0.1	3e-05	3.1517969978023194e-06	166	False	0.0007454083310446503
ytar	2	0.1	3e-05	2.4091623208766226e-06	188	False	0.006095174427948701
yptar	2	0.1	3e-05	1.190328847870882e-06	156	False	0.0013164776702642915
xptar	2	0.1	1e-05	2.9822028315698903e-06	191	False	0.0009441936373365471
ytar	2	0.1	1e-05	2.355849116597653e-06	202	False	0.007079306096323253
yptar	2	0.1	1e-05	1.1862310997761056e-06	186	False	0.001992981099051951
xptar	2	0.5	0.1	0.0003066084407975155	8	True	9.97486006006584e-07
ytar	2	0.5	0.1	9.573723481394807e-05	13	True	9.729826214803244e-07
yptar	2	0.5	0.1	2.6125149700446678e-05	6	True	4.767631820449136e-07
xptar	2	0.5	0.03	7.274311222525302e-05	12	True	9.720632326338218e-07
ytar	2	0.5	0.03	3.168061800256645e-05	20	True	9.923154356824523e-07
yptar	2	0.5	0.03	9.238299950168617e-06	8	True	9.429417350662938e-07
xptar	2	0.5	0.01	2.2275143524947504e-05	13	True	9.548008157613637e-07
ytar	2	0.5	0.01	1.2909323547645733e-05	34	True	9.958982722765606e-07
yptar	2	0.5	0.01	3.74698364969202e-06	17	True	9.946085845502919e-07
xptar	2	0.5	0.003	1.0074307606418155e-05	30	True	9.90083466751172e-07
ytar	2	0.5	0.003	6.6965710489662075e-06	45	True	9.975756735866086e-07
yptar	2	0.5	0.003	1.8301940072683062e-06	28	True	9.996733750137584e-07
xptar	2	0.5	0.001	6.29813815973532e-06	42	True	9.985124888503925e-07
ytar	2	0.5	0.001	4.247320887853165e-06	63	True	9.990535972005742e-07
yptar	2	0.5	0.001	1.4814899435587118e-06	37	True	9.97075054232609e-07
xptar	2	0.5	0.0003	4.6869764194878e-06	58	True	9.98303220439142e-07
ytar	2	0.5	0.0003	3.0869558112964448e-06	89	False	0.00036809631265975
yptar	2	0.5	0.0003	1.3043956579632835e-06	56	True	9.99928812115103e-07
xptar	2	0.5	0.0001	3.861088001393025e-06	77	False	1.0177845261938296e-05
ytar	2	0.5	0.0001	2.594917138446378e-06	113	False	0.0006757344911158402
yptar	2	0.5	0.0001	1.2288773976972422e-06	73	False	3.3655621960241634e-06
xptar	2	0.5	3e-05	3.3338209395507654e-06	102	False	8.583886006536275e-05
ytar	2	0.5	3e-05	2.4138103529139095e-06	136	False	0.0019430354089488352
yptar	2	0.5	3e-05	1.1982641630221496e-06	95	False	3.5029140898047074e-05
xptar	2	0.5	1e-05	3.0614596109340457e-06	136	False	0.0004883559322939485
ytar	2	0.5	1e-05	2.3580160892509665e-06	168	False	0.004819580093765751
yptar	2	0.5	1e-05	1.1898566747961015e-06	123	False	0.0006506306227528467
xptar	2	0.9	0.1	0.00035096316498493075	3	True	7.191116707289312e-07
ytar	2	0.9	0.1	0.00011463618168886151	2	True	9.804898717328036e-08
yptar	2	0.9	0.1	3.0011441749039727e-05	3	True	2.855986320476819e-07
xptar	2	0.9	0.03	6.345946008168937e-05	8	True	9.425077648548628e-07
ytar	2	0.9	0.03	3.1256351287380065e-05	11	True	9.952725693999778e-07
yptar	2	0.9	0.03	1.0103470022868275e-05	3	True	8.697281000163422e-07
xptar	2	0.9	0.01	1.9471881435932717e-05	10	True	9.973979190613704e-07
ytar	2	0.9	0.01	1.1654106116993584e-05	18	True	9.986111441958946e-07
yptar	2	0.9	0.01	4.524948485451123e-06	12	True	9.969569955924067e-07
xptar	2	0.9	0.003	1.183628350038445e-05	18	True	9.972957767862703e-07
ytar	2	0.9	0.003	6.855471811899889e-06	30	True	9.982790384065231e-07
yptar	2	0.9	0.003	1.9420313499677435e-06	14	True	9.879510376537445e-07
xptar	2	0.9	0.001	7.222243828420085e-06	34	True	9.99181604828492e-07
ytar	2	0.9	0.001	4.34943096041314e-06	50	True	9.995561867443853e-07
yptar	2	0.9	0.001	1.5306743392927765e-06	28	True	9.707544390004518e-07
xptar	2	0.9	0.0003	5.149460804405207e-06	49	True	9.99214937296977e-07
ytar	2	0.9	0.0003	3.1141307710318085e-06	67	False	2.996192627665199e-05
yptar	2	0.9	0.0003	1.3473063979264186e-06	41	True	9.99623911883668e-07
xptar	2	0.9	0.0001	4.113454869118454e-06	65	True	9.997608669516858e-07
ytar	2	0.9	0.0001	2.571187272302142e-06	85	False	0.00019703867295177457
yptar	2	0.9	0.0001	1.2588953038780834e-06	62	True	9.994080368374113e-07
xptar	2	0.9	3e-05	3.5128944830242055e-06	82	False	3.527426971490315e-05
ytar	2	0.9	3e-05	2.415006209586696e-06	108	False	0.001118590839944515
yptar	2	0.9	3e-05	1.2037007762942303e-06	81	False	1.3266909440356886e-05
xptar	2	0.9	1e-05	3.1328236820395654e-06	113	False	0.000415375285552694
ytar	2	0.9	1e-05	2.3623078053664765e-06	149	False	0.003021616605631561
yptar	2	0.9	1e-05	1.1926177478561012e-06	104	False	0.00010782436661454753
