term	target	coefficient	standardized	active	fold_frequency
10000	xptar	0.3423110903572261	2.057751735169035	True	1.0
10000	ytar	0.014006873318233701	0.24728619556299453	True	1.0
10000	yptar	-0.004798039105104586	-0.07186700153514565	True	1.0
01000	xptar	-3.0908161384117907	-2.249917249748797	True	1.0
01000	ytar	-0.10069739343538918	-0.21527731526700783	True	1.0
01000	yptar	0.029011502051025165	0.052620785203993437	True	1.0
00100	xptar	0.010941892844025896	0.022947419564290666	True	1.0
00100	ytar	-0.47482846689387287	-2.924588799000273	True	1.0
00100	yptar	0.28536115948755825	1.491179742865579	True	1.0
00010	xptar	0.04748419146530059	0.01247132308096457	True	1.0
00010	ytar	0.43168835690625856	0.33298179007362644	True	1.0
00010	yptar	-2.417708960151825	-1.5821994825708756	True	1.0
20000	xptar	-0.3936642736061591	-0.5313584397888309	True	1.0
20000	ytar	-0.023777416362059905	-0.09425684709978449	True	1.0
20000	yptar	0.005085656113385436	0.017104181876952066	True	1.0
11000	xptar	2.933830189430539	0.4830171039899935	True	1.0
11000	ytar	-0.010534318762256837	-0.005093550986411411	True	0.6666666666666666
11000	yptar	0.013833329847464784	0.005674766607455979	True	1.0
02000	xptar	5.066002152019647	0.1100555289846215	True	1.0
02000	ytar	1.0763746011193929	0.06867467337113817	True	1.0
02000	yptar	-0.3117476445068878	-0.01687498563566216	True	1.0
10100	xptar	-0.2839173311287636	-0.17170896822357865	True	1.0
10100	ytar	0.9564345282191853	1.6988028716565973	True	1.0
10100	yptar	-0.3010908936067419	-0.4537247089843499	True	1.0
01100	xptar	1.6374731846118742	0.11542203901147181	True	1.0
01100	ytar	3.5346073372870483	0.7317157204885517	True	1.0
01100	yptar	-0.5239625110490875	-0.09202556567751578	True	1.0
00200	xptar	-0.04707378523686913	-0.01119878400969155	True	1.0
00200	ytar	0.03934173381657016	0.02748728896734739	True	1.0
00200	yptar	0.0	0.0	False	0.0
10010	xptar	0.888812230267198	0.06222799468921526	True	1.0
10010	ytar	-17.795081356197926	-3.6590001513391575	True	1.0
10010	yptar	4.919641613324916	0.8582286054715144	True	1.0
01010	xptar	-1.5004823640976162	-0.012357097655142271	True	1.0
01010	ytar	-23.450910222565025	-0.5671944245532102	True	1.0
01010	yptar	4.4391122687413835	0.09109099537884213	True	1.0
00110	xptar	-0.0	-0.0	False	0.0
00110	ytar	-0.0	-0.0	False	0.0
00110	yptar	0.3721485244963477	0.02719491671068097	True	1.0
00020	xptar	-0.0	-0.0	False	0.0
00020	ytar	-5.254376690978668	-0.055129857763068536	True	1.0
00020	yptar	0.46610965985047964	0.004149166290511071	True	1.0
30000	xptar	0.7970353509942535	0.5169902898492614	True	1.0
30000	ytar	0.0	0.0	False	0.3333333333333333
30000	yptar	-0.0	-0.0	False	0.3333333333333333
21000	xptar	-7.553403981783775	-0.5628839194108138	True	1.0
21000	ytar	0.013411772587071755	0.002935276214479669	True	1.0
21000	yptar	-0.05239166422347849	-0.009728190320076524	True	1.0
12000	xptar	-0.0	-0.0	False	0.0
12000	ytar	-0.0	-0.0	False	0.0
12000	yptar	-0.0	-0.0	False	0.0
03000	xptar	41.21686093427391	0.053592369784818676	True	1.0
03000	ytar	-12.174180255620525	-0.04648945359688963	True	1.0
03000	yptar	3.808824979341789	0.012339932969260127	True	1.0
20100	xptar	0.4009094646091535	0.08131608380809623	True	1.0
20100	ytar	-0.0	-0.0	False	0.0
20100	yptar	0.029935893046409045	0.015129204723363474	True	1.0
11100	xptar	-0.0	-0.0	False	0.0
11100	ytar	0.0	0.0	False	0.0
11100	yptar	-0.0	-0.0	False	0.0
02100	xptar	-19.787335494871357	-0.0586958387030254	True	1.0
02100	ytar	0.0	0.0	False	0.0
02100	yptar	-6.065654097897827	-0.044832336282197	True	1.0
10200	xptar	0.3157104946426708	0.027060429360495176	True	1.0
10200	ytar	-0.0	-0.0	False	0.0
10200	yptar	0.0	0.0	False	0.0
01200	xptar	-0.0	-0.0	False	0.0
01200	ytar	0.5151633523259288	0.014983712354995932	True	1.0
01200	yptar	-0.08053522016214044	-0.00198731809418497	True	1.0
00300	xptar	0.724801225276443	0.034413791003359645	True	1.0
00300	ytar	-1.305240194677223	-0.1820080945213775	True	1.0
00300	yptar	0.3113562210902152	0.03683535681423958	True	1.0
20010	xptar	-5.504653937681133	-0.12674687094685125	True	1.0
20010	ytar	16.726160148151788	1.1310717137774133	True	1.0
20010	yptar	-5.970267389890076	-0.34252694648124116	True	1.0
11010	xptar	0.0	0.0	False	0.0
11010	ytar	-131.76559084474158	-1.0563878974196084	True	1.0
11010	yptar	44.605134206390424	0.30339842611028456	True	1.0
02010	xptar	301.5542302065187	0.10255704788809229	True	1.0
02010	ytar	-0.0	-0.0	False	0.0
02010	yptar	0.0	0.0	False	0.0
10110	xptar	0.0	0.0	False	0.0
10110	ytar	-0.0	-0.0	False	0.0
10110	yptar	0.0	0.0	False	0.0
01110	xptar	-21.06515898597098	-0.02266775864774255	True	1.0
01110	ytar	59.74221841293039	0.18880428626153226	True	1.0
01110	yptar	-18.108350659217106	-0.04855304478319919	True	1.0
00210	xptar	0.0	0.0	False	0.0
00210	ytar	-0.0	-0.0	False	0.0
00210	yptar	0.0	0.0	False	0.0
10020	xptar	0.0	0.0	False	0.0
10020	ytar	-44.73697962369866	-0.14920065438028865	True	1.0
10020	yptar	22.18281656837853	0.06276648756160583	True	1.0
01020	xptar	-77.20256684661305	-0.010231870332549877	True	1.0
01020	ytar	0.0	0.0	False	0.0
01020	yptar	-0.0	-0.0	False	0.0
00120	xptar	-0.0	-0.0	False	0.0
00120	ytar	-116.53772786659049	-0.22973852768928385	True	1.0
00120	yptar	34.02971043475559	0.056915769330751834	True	1.0
00030	xptar	0.0	0.0	False	0.0
00030	ytar	1749.7081243832856	0.43666577513613547	True	1.0
00030	yptar	-562.9258994847526	-0.11919055613929036	True	1.0
40000	xptar	-0.8953160617872421	-0.18979329565480424	True	1.0
40000	ytar	-0.0	-0.0	False	0.0
40000	yptar	0.0	0.0	False	0.0
31000	xptar	5.579101833848768	0.1422987215738595	True	1.0
31000	ytar	-0.0	-0.0	False	0.0
31000	yptar	0.0	0.0	False	0.0
22000	xptar	41.561425697179715	0.13465467636690104	True	1.0
22000	ytar	-0.0	-0.0	False	0.0
22000	yptar	0.0	0.0	False	0.0
13000	xptar	0.0	0.0	False	0.0
13000	ytar	0.0	0.0	False	0.0
13000	yptar	-0.0	-0.0	False	0.0
04000	xptar	-1315.7714279143609	-0.07561494016014603	True	1.0
04000	ytar	33.55883102080851	0.005663966177377523	True	1.0
04000	yptar	-40.282353837097375	-0.005768139257108911	True	1.0
30100	xptar	-0.0	-0.0	False	0.0
30100	ytar	-0.0	-0.0	False	0.0
30100	yptar	0.0	0.0	False	0.0
21100	xptar	-0.0	-0.0	False	0.0
21100	ytar	18.461124741971076	0.4615589535979357	True	1.0
21100	yptar	-2.821072245153326	-0.059839823145491605	True	1.0
12100	xptar	-0.0	-0.0	False	0.0
12100	ytar	17.236650642842225	0.05348805347522538	True	1.0
12100	yptar	-0.0	-0.0	False	0.0
03100	xptar	0.0	0.0	False	0.0
03100	ytar	-297.2997250871648	-0.1191155681645728	True	1.0
03100	yptar	0.0	0.0	False	0.0
20200	xptar	-0.7622632482956321	-0.02120528437556252	True	1.0
20200	ytar	0.40409492658241225	0.033014838961589965	True	1.0
20200	yptar	-0.0	-0.0	False	0.0
11200	xptar	0.0	0.0	False	0.0
11200	ytar	-0.0	-0.0	False	0.0
11200	yptar	0.0	0.0	False	0.0
02200	xptar	0.0	0.0	False	0.0
02200	ytar	-55.95831912474325	-0.06625922404623814	True	1.0
02200	yptar	5.216871464399881	0.005240815746550374	True	1.0
10300	xptar	-1.1365161864745406	-0.017595785235271746	True	1.0
10300	ytar	0.0	0.0	False	0.0
10300	yptar	-0.0	-0.0	False	0.0
01300	xptar	0.0	0.0	False	0.0
01300	ytar	0.0	0.0	False	0.0
01300	yptar	-0.0	-0.0	False	0.0
00400	xptar	-0.0	-0.0	False	0.0
00400	ytar	0.0	0.0	False	0.0
00400	yptar	0.0	0.0	False	0.0
30010	xptar	3.4873977538807774	0.028628420774670628	True	1.0
30010	ytar	-8.434310043173351	-0.2033443619377583	True	1.0
30010	yptar	0.0	0.0	False	0.0
21010	xptar	-0.0	-0.0	False	0.0
21010	ytar	-0.0	-0.0	False	0.0
21010	yptar	0.0	0.0	False	0.0
12010	xptar	-57.08163068968488	-0.00700184684721747	True	1.0
12010	ytar	-0.0	-0.0	False	0.0
12010	yptar	0.0	0.0	False	0.0
03010	xptar	-916.842758209371	-0.014383755902072262	True	1.0
03010	ytar	-2682.3363023494703	-0.12358829424676221	True	1.0
03010	yptar	277.70043044310256	0.010855447558626198	True	1.0
20110	xptar	-0.0	-0.0	False	0.0
20110	ytar	0.0	0.0	False	0.0
20110	yptar	-0.0	-0.0	False	0.0
11110	xptar	91.08610625246325	0.034872273785192344	True	1.0
11110	ytar	-0.0	-0.0	False	0.0
11110	yptar	0.0	0.0	False	0.0
02110	xptar	0.0	0.0	False	0.0
02110	ytar	-0.0	-0.0	False	0.0
02110	yptar	0.0	0.0	False	0.0
10210	xptar	0.0	0.0	False	0.0
10210	ytar	0.0	0.0	False	0.0
10210	yptar	-0.0	-0.0	False	0.0
01210	xptar	20.190414908429382	0.004110625461001019	True	1.0
01210	ytar	43.5295945045243	0.02602758966808633	True	1.0
01210	yptar	-7.356731532876534	-0.0037319971843325812	True	0.6666666666666666
00310	xptar	0.0	0.0	False	0.0
00310	ytar	0.0	0.0	False	0.0
00310	yptar	0.0	0.0	False	0.0
20020	xptar	-0.0	-0.0	False	0.0
20020	ytar	0.0	0.0	False	0.0
20020	yptar	-0.0	-0.0	False	0.0
11020	xptar	0.0	0.0	False	0.0
11020	ytar	0.0	0.0	False	0.0
11020	yptar	-0.0	-0.0	False	0.0
02020	xptar	-0.0	-0.0	False	0.0
02020	ytar	1901.3646993602752	0.031185851766459275	True	1.0
02020	yptar	-229.00246995882063	-0.0031866870839696044	True	1.0
10120	xptar	0.0	0.0	False	0.0
10120	ytar	-0.0	-0.0	False	0.0
10120	yptar	0.0	0.0	False	0.0
01120	xptar	0.0	0.0	False	0.0
01120	ytar	0.0	0.0	False	0.0
01120	yptar	-0.0	-0.0	False	0.0
00220	xptar	0.0	0.0	False	0.0
00220	ytar	-0.0	-0.0	False	0.0
00220	yptar	0.0	0.0	False	0.3333333333333333
10030	xptar	573.472651230702	0.014791814517282155	True	1.0
10030	ytar	-2246.7636294787067	-0.1701973491069246	True	1.0
10030	yptar	52.00518791288732	0.0033423286094558663	True	0.6666666666666666
01030	xptar	-0.0	-0.0	False	0.0
01030	ytar	0.0	0.0	False	0.0
01030	yptar	0.0	0.0	False	0.0
00130	xptar	0.0	0.0	False	0.0
00130	ytar	-0.0	-0.0	False	0.0
00130	yptar	52.07382557254157	0.0017624339647576228	True	0.6666666666666666
00040	xptar	0.0	0.0	False	0.0
00040	ytar	-0.0	-0.0	False	0.0
00040	yptar	0.0	0.0	False	0.0
50000	xptar	0.33797131750155296	0.031459262907475756	True	1.0
50000	ytar	0.04694011470883935	0.012832152442708591	True	1.0
50000	yptar	-0.0	-0.0	False	0.0
41000	xptar	-0.0	-0.0	False	0.0
41000	ytar	0.0	0.0	False	0.3333333333333333
41000	yptar	-0.04933554731682049	-0.0013457109726775288	True	1.0
32000	xptar	-86.31019960354912	-0.11834676396912029	True	1.0
32000	ytar	0.0	0.0	False	0.0
32000	yptar	-0.0	-0.0	False	0.0
23000	xptar	-0.0	-0.0	False	0.0
23000	ytar	-0.0	-0.0	False	0.0
23000	yptar	-0.0	-0.0	False	0.0
14000	xptar	0.0	0.0	False	0.0
14000	ytar	-0.0	-0.0	False	0.0
14000	yptar	0.0	0.0	False	0.0
05000	xptar	31660.549467403725	0.10219817009062605	True	1.0
05000	ytar	-0.0	-0.0	False	0.0
05000	yptar	0.0	0.0	False	0.6666666666666666
40100	xptar	0.2335587466168665	0.006306020516244214	True	1.0
40100	ytar	-2.885717646582001	-0.22882303638760373	True	1.0
40100	yptar	0.5393824314385303	0.03628689228241914	True	1.0
31100	xptar	-0.0	-0.0	False	0.0
31100	ytar	0.0	0.0	False	0.0
31100	yptar	-0.0	-0.0	False	0.0
22100	xptar	-0.0	-0.0	False	0.0
22100	ytar	0.0	0.0	False	0.0
22100	yptar	-0.0	-0.0	False	0.0
13100	xptar	-0.0	-0.0	False	0.0
13100	ytar	61.09494233982673	0.009167314194537311	True	1.0
13100	yptar	-0.0	-0.0	False	0.0
04100	xptar	-0.0	-0.0	False	0.0
04100	ytar	13084.461045881524	0.25774376673412497	True	1.0
04100	yptar	-1045.7801615786907	-0.017477519744446963	True	1.0
30200	xptar	1.9455133544863858	0.020720411001791963	True	1.0
30200	ytar	-0.09887531236206173	-0.003092706331732276	True	1.0
30200	yptar	0.0	0.0	False	0.3333333333333333
21200	xptar	-0.0	-0.0	False	0.0
21200	ytar	0.0	0.0	False	0.0
21200	yptar	-0.0	-0.0	False	0.0
12200	xptar	-0.0	-0.0	False	0.0
12200	ytar	0.0	0.0	False	0.0
12200	yptar	-0.0	-0.0	False	0.3333333333333333
03200	xptar	0.0	0.0	False	0.0
03200	ytar	541.2844771209211	0.031409922845214426	True	1.0
03200	yptar	-0.0	-0.0	False	0.0
20300	xptar	-0.0	-0.0	False	0.0
20300	ytar	0.0	0.0	False	0.0
20300	yptar	-0.0	-0.0	False	0.0
11300	xptar	-0.0	-0.0	False	0.0
11300	ytar	0.0	0.0	False	0.0
11300	yptar	0.0	0.0	False	0.0
02300	xptar	-307.6573733882491	-0.023427822853431698	True	1.0
02300	ytar	0.0	0.0	False	0.0
02300	yptar	0.0	0.0	False	0.0
10400	xptar	0.0	0.0	False	0.0
10400	ytar	-0.0	-0.0	False	0.0
10400	yptar	0.0	0.0	False	0.0
01400	xptar	-18.84519777933593	-0.006082792157906776	True	1.0
01400	ytar	12.684036546392484	0.012023929686549738	True	1.0
01400	yptar	-1.3491900224845075	-0.0010850984270882654	True	0.6666666666666666
00500	xptar	3.1964808149624613	0.005431841651621444	True	1.0
00500	ytar	17.9019174906229	0.08934314075098926	True	1.0
00500	yptar	-6.346447482621037	-0.02687196497721335	True	1.0
40010	xptar	-0.0	-0.0	False	0.0
40010	ytar	37.77218644805097	0.34007878949214576	True	1.0
40010	yptar	-0.0	-0.0	False	0.6666666666666666
31010	xptar	0.0	0.0	False	0.0
31010	ytar	-0.0	-0.0	False	0.0
31010	yptar	0.0	0.0	False	0.0
22010	xptar	90.35121685195811	0.004198886712722251	True	1.0
22010	ytar	-1895.222621232489	-0.25867058686584365	True	1.0
22010	yptar	146.80778621089078	0.01699976729899586	True	1.0
13010	xptar	0.0	0.0	False	0.3333333333333333
13010	ytar	-7645.507900092296	-0.13290987777309518	True	1.0
13010	yptar	163.92637380152843	0.002417724542617576	True	0.6666666666666666
04010	xptar	0.0	0.0	False	0.0
04010	ytar	-0.0	-0.0	False	0.0
04010	yptar	0.0	0.0	False	0.0
30110	xptar	0.0	0.0	False	0.0
30110	ytar	-0.0	-0.0	False	0.0
30110	yptar	0.0	0.0	False	0.0
21110	xptar	-81.00715467425849	-0.011455329591005061	True	1.0
21110	ytar	0.0	0.0	False	0.0
21110	yptar	-0.0	-0.0	False	0.0
12110	xptar	-0.0	-0.0	False	0.0
12110	ytar	0.0	0.0	False	0.0
12110	yptar	-0.0	-0.0	False	0.0
03110	xptar	0.0	0.0	False	0.0
03110	ytar	0.0	0.0	False	0.0
03110	yptar	-0.0	-0.0	False	0.0
20210	xptar	-0.0	-0.0	False	0.0
20210	ytar	0.0	0.0	False	0.0
20210	yptar	-0.0	-0.0	False	0.0
11210	xptar	-0.0	-0.0	False	0.0
11210	ytar	0.0	0.0	False	0.0
11210	yptar	0.0	0.0	False	0.0
02210	xptar	-0.0	-0.0	False	0.0
02210	ytar	0.0	0.0	False	0.0
02210	yptar	0.0	0.0	False	0.0
10310	xptar	0.0	0.0	False	0.0
10310	ytar	-0.0	-0.0	False	0.0
10310	yptar	0.0	0.0	False	0.0
01310	xptar	-356.11591659479757	-0.012936953815989588	True	1.0
01310	ytar	156.93492649407594	0.016743525841198398	True	1.0
01310	yptar	-194.89552634174893	-0.017641530045585233	True	1.0
00410	xptar	0.0	0.0	False	0.0
00410	ytar	0.0	0.0	False	0.0
00410	yptar	-0.0	-0.0	False	0.0
30020	xptar	0.0	0.0	False	0.0
30020	ytar	-0.0	-0.0	False	0.0
30020	yptar	0.0	0.0	False	0.0
21020	xptar	-0.0	-0.0	False	0.0
21020	ytar	-0.0	-0.0	False	0.0
21020	yptar	0.0	0.0	False	0.0
12020	xptar	-0.0	-0.0	False	0.0
12020	ytar	-0.0	-0.0	False	0.0
12020	yptar	0.0	0.0	False	0.0
03020	xptar	0.0	0.0	False	0.0
03020	ytar	-0.0	-0.0	False	0.0
03020	yptar	0.0	0.0	False	0.0
20120	xptar	-0.0	-0.0	False	0.0
20120	ytar	0.0	0.0	False	0.0
20120	yptar	-0.0	-0.0	False	0.0
11120	xptar	-0.0	-0.0	False	0.0
11120	ytar	-0.0	-0.0	False	0.0
11120	yptar	0.0	0.0	False	0.0
02120	xptar	-0.0	-0.0	False	0.0
02120	ytar	0.0	0.0	False	0.0
02120	yptar	0.0	0.0	False	0.0
10220	xptar	0.0	0.0	False	0.0
10220	ytar	-0.0	-0.0	False	0.0
10220	yptar	0.0	0.0	False	0.0
01220	xptar	-0.0	-0.0	False	0.0
01220	ytar	0.0	0.0	False	0.0
01220	yptar	-0.0	-0.0	False	0.0
00320	xptar	0.0	0.0	False	0.0
00320	ytar	-0.0	-0.0	False	0.0
00320	yptar	0.0	0.0	False	0.0
20030	xptar	-2444.256195785047	-0.02118937889764056	True	1.0
20030	ytar	0.0	0.0	False	0.0
20030	yptar	-881.3194915242306	-0.019037004510823033	True	1.0
11030	xptar	0.0	0.0	False	0.0
11030	ytar	-0.0	-0.0	False	0.0
11030	yptar	0.0	0.0	False	0.0
02030	xptar	0.0	0.0	False	0.0
02030	ytar	0.0	0.0	False	0.0
02030	yptar	-0.0	-0.0	False	0.0
10130	xptar	0.0	0.0	False	0.0
10130	ytar	-0.0	-0.0	False	0.0
10130	yptar	0.0	0.0	False	0.0
01130	xptar	-0.0	-0.0	False	0.0
01130	ytar	0.0	0.0	False	0.0
01130	yptar	-0.0	-0.0	False	0.0
00230	xptar	-0.0	-0.0	False	0.0
00230	ytar	-0.0	-0.0	False	0.0
00230	yptar	0.0	0.0	False	0.0
10040	xptar	0.0	0.0	False	0.0
10040	ytar	-0.0	-0.0	False	0.0
10040	yptar	0.0	0.0	False	0.0
01040	xptar	-0.0	-0.0	False	0.0
01040	ytar	0.0	0.0	False	0.0
01040	yptar	-0.0	-0.0	False	0.0
00140	xptar	-0.0	-0.0	False	0.0
00140	ytar	-106790.38762422324	-0.10205582261060159	True	1.0
00140	yptar	47751.19228942236	0.03871657351212649	True	1.0
00050	xptar	-0.0	-0.0	False	0.0
00050	ytar	-0.0	-0.0	False	0.0
00050	yptar	0.0	0.0	False	0.0
60000	xptar	-0.0	-0.0	False	0.0
60000	ytar	0.0	0.0	False	0.3333333333333333
60000	yptar	-0.0	-0.0	False	0.0
51000	xptar	0.0	0.0	False	0.0
51000	ytar	-0.0	-0.0	False	0.0
51000	yptar	0.0	0.0	False	0.0
42000	xptar	40.010997708569725	0.021422783070643703	True	1.0
42000	ytar	-0.0	-0.0	False	0.0
42000	yptar	0.0	0.0	False	0.0
33000	xptar	0.0	0.0	False	0.0
33000	ytar	-0.0	-0.0	False	0.0
33000	yptar	0.0	0.0	False	0.0
24000	xptar	0.0	0.0	False	0.0
24000	ytar	0.0	0.0	False	0.0
24000	yptar	0.0	0.0	False	0.0
15000	xptar	-0.0	-0.0	False	0.0
15000	ytar	0.0	0.0	False	0.0
15000	yptar	-0.0	-0.0	False	0.0
06000	xptar	-277237.50388980965	-0.044929019915453054	True	1.0
06000	ytar	0.0	0.0	False	0.0
06000	yptar	-0.0	-0.0	False	0.0
50100	xptar	-0.0	-0.0	False	0.0
50100	ytar	-5.773249850097553	-0.17611748057148646	True	1.0
50100	yptar	1.338782478968478	0.03464967783427857	True	1.0
41100	xptar	-0.0	-0.0	False	0.0
41100	ytar	0.0	0.0	False	0.0
41100	yptar	-0.0	-0.0	False	0.0
32100	xptar	-0.0	-0.0	False	0.0
32100	ytar	138.86955642400093	0.06356381113842267	True	1.0
32100	yptar	-0.0	-0.0	False	0.6666666666666666
23100	xptar	-0.0	-0.0	False	0.0
23100	ytar	0.0	0.0	False	0.0
23100	yptar	-0.0	-0.0	False	0.0
14100	xptar	0.0	0.0	False	0.0
14100	ytar	-0.0	-0.0	False	0.0
14100	yptar	-0.0	-0.0	False	0.0
05100	xptar	25940.657621662584	0.008844162867101914	True	1.0
05100	ytar	-164872.42815817826	-0.16508607783270693	True	1.0
05100	yptar	23311.510545091853	0.01980340645857095	True	1.0
40200	xptar	-0.0	-0.0	False	0.0
40200	ytar	0.0	0.0	False	0.0
40200	yptar	-0.0	-0.0	False	0.0
31200	xptar	0.0	0.0	False	0.0
31200	ytar	0.0	0.0	False	0.0
31200	yptar	0.0	0.0	False	0.0
22200	xptar	0.0	0.0	False	0.0
22200	ytar	-0.0	-0.0	False	0.0
22200	yptar	0.0	0.0	False	0.0
13200	xptar	0.0	0.0	False	0.0
13200	ytar	-0.0	-0.0	False	0.0
13200	yptar	0.0	0.0	False	0.0
04200	xptar	-0.0	-0.0	False	0.0
04200	ytar	-0.0	-0.0	False	0.0
04200	yptar	0.0	0.0	False	0.0
30300	xptar	-0.0	-0.0	False	0.0
30300	ytar	-0.0	-0.0	False	0.0
30300	yptar	0.0	0.0	False	0.0
21300	xptar	0.0	0.0	False	0.0
21300	ytar	0.0	0.0	False	0.0
21300	yptar	-0.0	-0.0	False	0.0
12300	xptar	0.0	0.0	False	0.0
12300	ytar	-0.0	-0.0	False	0.0
12300	yptar	-0.0	-0.0	False	0.0
03300	xptar	0.0	0.0	False	0.0
03300	ytar	-774.5201980357214	-0.007997290255194725	True	1.0
03300	yptar	-0.0	-0.0	False	0.0
20400	xptar	-13.970958839557019	-0.013536464477828143	True	1.0
20400	ytar	6.679446442201608	0.019006676031935052	True	1.0
20400	yptar	-0.0	-0.0	False	0.3333333333333333
11400	xptar	0.0	0.0	False	0.0
11400	ytar	-0.0	-0.0	False	0.0
11400	yptar	0.0	0.0	False	0.0
02400	xptar	262.08062391150236	0.003596924258360119	True	1.0
02400	ytar	-1685.71179425123	-0.06794638722869241	True	1.0
02400	yptar	358.1403706005405	0.012247385641943836	True	1.0
10500	xptar	-0.0	-0.0	False	0.0
10500	ytar	-6.239192775001984	-0.0104900421200395	True	1.0
10500	yptar	6.843575381540931	0.009762003359735918	True	1.0
01500	xptar	0.0	0.0	False	0.0
01500	ytar	-62.86608325998582	-0.012102550271423602	True	1.0
01500	yptar	0.0	0.0	False	0.0
00600	xptar	-0.0	-0.0	False	0.0
00600	ytar	10.2601906123458	0.010109446675009758	True	1.0
00600	yptar	-5.34913418711488	-0.004471595590347478	True	1.0
50010	xptar	0.0	0.0	False	0.0
50010	ytar	0.0	0.0	False	0.0
50010	yptar	-0.0	-0.0	False	0.0
41010	xptar	-0.0	-0.0	False	0.0
41010	ytar	0.0	0.0	False	0.0
41010	yptar	-0.0	-0.0	False	0.0
32010	xptar	-0.0	-0.0	False	0.0
32010	ytar	2176.560984799978	0.11598773773532647	True	1.0
32010	yptar	-104.56381921051376	-0.00472748048970451	True	0.6666666666666666
23010	xptar	-0.0	-0.0	False	0.0
23010	ytar	13808.474097684286	0.0937068758946985	True	1.0
23010	yptar	-2483.0806384088414	-0.014296300326343072	True	1.0
14010	xptar	-0.0	-0.0	False	0.0
14010	ytar	0.0	0.0	False	0.0
14010	yptar	-0.0	-0.0	False	0.0
05010	xptar	0.0	0.0	False	0.0
05010	ytar	0.0	0.0	False	0.0
05010	yptar	0.0	0.0	False	0.0
40110	xptar	-0.0	-0.0	False	0.0
40110	ytar	0.0	0.0	False	0.0
40110	yptar	-0.0	-0.0	False	0.0
31110	xptar	0.0	0.0	False	0.0
31110	ytar	-0.0	-0.0	False	0.0
31110	yptar	0.0	0.0	False	0.0
22110	xptar	6755.548770304819	0.04535692530364259	True	1.0
22110	ytar	-0.0	-0.0	False	0.0
22110	yptar	0.0	0.0	False	0.0
13110	xptar	0.0	0.0	False	0.0
13110	ytar	-0.0	-0.0	False	0.0
13110	yptar	0.0	0.0	False	0.0
04110	xptar	-0.0	-0.0	False	0.0
04110	ytar	-0.0	-0.0	False	0.0
04110	yptar	0.0	0.0	False	0.0
30210	xptar	0.0	0.0	False	0.0
30210	ytar	0.0	0.0	False	0.0
30210	yptar	-0.0	-0.0	False	0.0
21210	xptar	0.0	0.0	False	0.0
21210	ytar	0.0	0.0	False	0.0
21210	yptar	-0.0	-0.0	False	0.0
12210	xptar	0.0	0.0	False	0.0
12210	ytar	0.0	0.0	False	0.0
12210	yptar	-0.0	-0.0	False	0.0
03210	xptar	0.0	0.0	False	0.0
03210	ytar	-0.0	-0.0	False	0.0
03210	yptar	-0.0	-0.0	False	0.0
20310	xptar	-0.0	-0.0	False	0.0
20310	ytar	70.02469634429728	0.0227964171000553	True	1.0
20310	yptar	-1.407984497784115	-0.00038888420431905634	True	0.3333333333333333
11310	xptar	0.0	0.0	False	0.0
11310	ytar	-0.0	-0.0	False	0.0
11310	yptar	0.0	0.0	False	0.0
02310	xptar	0.0	0.0	False	0.0
02310	ytar	-0.0	-0.0	False	0.0
02310	yptar	0.0	0.0	False	0.0
10410	xptar	0.0	0.0	False	0.0
10410	ytar	-0.0	-0.0	False	0.0
10410	yptar	0.0	0.0	False	0.0
01410	xptar	0.0	0.0	False	0.0
01410	ytar	-0.0	-0.0	False	0.0
01410	yptar	-0.0	-0.0	False	0.0
00510	xptar	0.0	0.0	False	0.0
00510	ytar	0.0	0.0	False	0.0
00510	yptar	-0.0	-0.0	False	0.0
40020	xptar	-0.0	-0.0	False	0.0
40020	ytar	-0.0	-0.0	False	0.0
40020	yptar	-0.0	-0.0	False	0.0
31020	xptar	1108.086801135634	0.007051024029406759	True	1.0
31020	ytar	0.0	0.0	False	0.0
31020	yptar	0.0	0.0	False	0.0
22020	xptar	0.0	0.0	False	0.0
22020	ytar	0.0	0.0	False	0.0
22020	yptar	0.0	0.0	False	0.0
13020	xptar	0.0	0.0	False	0.0
13020	ytar	0.0	0.0	False	0.0
13020	yptar	-0.0	-0.0	False	0.0
04020	xptar	-4638075.63046078	-0.05969732893216463	True	1.0
04020	ytar	1859164.07411051	0.07027833401304423	True	1.0
04020	yptar	-90396.43014958964	-0.0028990926112012856	True	1.0
30120	xptar	0.0	0.0	False	0.0
30120	ytar	-0.0	-0.0	False	0.0
30120	yptar	0.0	0.0	False	0.0
21120	xptar	0.0	0.0	False	0.0
21120	ytar	0.0	0.0	False	0.0
21120	yptar	-0.0	-0.0	False	0.0
12120	xptar	-0.0	-0.0	False	0.0
12120	ytar	0.0	0.0	False	0.0
12120	yptar	-0.0	-0.0	False	0.0
03120	xptar	-0.0	-0.0	False	0.0
03120	ytar	-0.0	-0.0	False	0.0
03120	yptar	-0.0	-0.0	False	0.0
20220	xptar	-0.0	-0.0	False	0.0
20220	ytar	0.0	0.0	False	0.0
20220	yptar	-0.0	-0.0	False	0.0
11220	xptar	0.0	0.0	False	0.0
11220	ytar	-0.0	-0.0	False	0.0
11220	yptar	0.0	0.0	False	0.0
02220	xptar	0.0	0.0	False	0.0
02220	ytar	-0.0	-0.0	False	0.0
02220	yptar	0.0	0.0	False	0.0
10320	xptar	0.0	0.0	False	0.0
10320	ytar	-0.0	-0.0	False	0.0
10320	yptar	0.0	0.0	False	0.0
01320	xptar	2219.577515324159	0.0019197502698291014	True	0.6666666666666666
01320	ytar	-0.0	-0.0	False	0.0
01320	yptar	-0.0	-0.0	False	0.0
00420	xptar	0.0	0.0	False	0.0
00420	ytar	0.0	0.0	False	0.0
00420	yptar	-0.0	-0.0	False	0.0
30030	xptar	0.0	0.0	False	0.0
30030	ytar	-0.0	-0.0	False	0.0
30030	yptar	0.0	0.0	False	0.0
21030	xptar	-0.0	-0.0	False	0.0
21030	ytar	0.0	0.0	False	0.0
21030	yptar	-0.0	-0.0	False	0.0
12030	xptar	-0.0	-0.0	False	0.0
12030	ytar	0.0	0.0	False	0.0
12030	yptar	-0.0	-0.0	False	0.0
03030	xptar	-4328458.886677211	-0.024164077130496495	True	1.0
03030	ytar	-0.0	-0.0	False	0.0
03030	yptar	0.0	0.0	False	0.0
20130	xptar	-0.0	-0.0	False	0.0
20130	ytar	0.0	0.0	False	0.0
20130	yptar	-0.0	-0.0	False	0.0
11130	xptar	0.0	0.0	False	0.0
11130	ytar	0.0	0.0	False	0.0
11130	yptar	-0.0	-0.0	False	0.0
02130	xptar	0.0	0.0	False	0.0
02130	ytar	-0.0	-0.0	False	0.0
02130	yptar	0.0	0.0	False	0.0
10230	xptar	0.0	0.0	False	0.0
10230	ytar	0.0	0.0	False	0.0
10230	yptar	-0.0	-0.0	False	0.0
01230	xptar	0.0	0.0	False	0.0
01230	ytar	0.0	0.0	False	0.0
01230	yptar	-0.0	-0.0	False	0.0
00330	xptar	0.0	0.0	False	0.0
00330	ytar	0.0	0.0	False	0.0
00330	yptar	-0.0	-0.0	False	0.0
20040	xptar	-37163.97956978781	-0.006693444397217948	True	1.0
20040	ytar	132175.37994075334	0.06991408535684726	True	1.0
20040	yptar	-90871.73360945405	-0.040780260551285925	True	1.0
11040	xptar	-0.0	-0.0	False	0.0
11040	ytar	0.0	0.0	False	0.0
11040	yptar	-0.0	-0.0	False	0.0
02040	xptar	-0.0	-0.0	False	0.0
02040	ytar	0.0	0.0	False	0.0
02040	yptar	-0.0	-0.0	False	0.0
10140	xptar	81078.70018278943	0.008530247945661545	True	1.0
10140	ytar	0.0	0.0	False	0.0
10140	yptar	-0.0	-0.0	False	0.0
01140	xptar	0.0	0.0	False	0.0
01140	ytar	0.0	0.0	False	0.0
01140	yptar	-411487.83454530255	-0.012311128325850091	True	1.0
00240	xptar	0.0	0.0	False	0.0
00240	ytar	0.0	0.0	False	0.0
00240	yptar	-0.0	-0.0	False	0.0
10050	xptar	0.0	0.0	False	0.0
10050	ytar	0.0	0.0	False	0.0
10050	yptar	-0.0	-0.0	False	0.0
01050	xptar	0.0	0.0	False	0.0
01050	ytar	17186439.415975213	0.07272079904638926	True	1.0
01050	yptar	-1844240.560848591	-0.006620600308881279	True	1.0
00150	xptar	0.0	0.0	False	0.0
00150	ytar	0.0	0.0	False	0.0
00150	yptar	-0.0	-0.0	False	0.0
00060	xptar	0.0	0.0	False	0.0
00060	ytar	0.0	0.0	False	0.0
00060	yptar	-0.0	-0.0	False	0.0
