target	term	svd	start	beam
xptar	00000	True	True	True
xptar	10000	True	True	True
xptar	01000	True	True	True
xptar	00100	True	True	True
xptar	00010	True	True	True
xptar	20000	True	True	True
xptar	11000	True	True	True
xptar	02000	True	True	True
xptar	10100	True	True	True
xptar	01100	True	True	True
xptar	00200	True	True	True
xptar	10010	True	True	True
xptar	01010	True	True	True
xptar	00110	True	False	False
xptar	00020	True	False	True
xptar	30000	True	True	True
xptar	21000	True	True	True
xptar	12000	True	True	True
xptar	03000	True	False	True
xptar	20100	True	True	True
xptar	11100	True	True	True
xptar	02100	True	True	True
xptar	10200	True	True	True
xptar	01200	True	False	True
xptar	00300	True	True	True
xptar	20010	True	True	True
xptar	11010	True	True	True
xptar	02010	True	True	True
xptar	10110	True	True	True
xptar	01110	True	False	False
xptar	00210	True	True	False
xptar	10020	True	True	True
xptar	01020	True	True	True
xptar	00120	True	False	False
xptar	00030	True	False	True
xptar	40000	True	True	True
xptar	31000	True	True	True
xptar	22000	True	False	True
xptar	13000	True	True	True
xptar	04000	True	False	False
xptar	30100	True	True	True
xptar	21100	True	True	True
xptar	12100	True	True	True
xptar	03100	True	True	True
xptar	20200	True	False	False
xptar	11200	True	False	False
xptar	02200	True	False	False
xptar	10300	True	True	True
xptar	01300	True	False	False
xptar	00400	True	False	False
xptar	30010	True	True	True
xptar	21010	True	True	True
xptar	12010	True	True	True
xptar	03010	True	False	True
xptar	20110	True	False	False
xptar	11110	True	True	True
xptar	02110	True	False	False
xptar	10210	True	False	False
xptar	01210	True	True	True
xptar	00310	True	False	False
xptar	20020	True	False	False
xptar	11020	True	False	False
xptar	02020	True	True	True
xptar	10120	True	True	True
xptar	01120	True	False	False
xptar	00220	True	True	False
xptar	10030	True	False	False
xptar	01030	True	True	True
xptar	00130	True	False	False
xptar	00040	True	True	False
xptar	50000	True	True	True
xptar	41000	True	True	True
xptar	32000	True	False	False
xptar	23000	True	True	True
xptar	14000	True	True	True
xptar	05000	True	True	True
xptar	40100	True	False	True
xptar	31100	True	False	True
xptar	22100	True	True	True
xptar	13100	True	False	False
xptar	04100	True	True	True
xptar	30200	True	True	True
xptar	21200	True	True	True
xptar	12200	True	False	True
xptar	03200	True	True	True
xptar	20300	True	False	False
xptar	11300	True	False	False
xptar	02300	True	True	True
xptar	10400	True	True	True
xptar	01400	True	True	True
xptar	00500	True	True	True
xptar	40010	True	False	True
xptar	31010	True	True	True
xptar	22010	True	True	True
xptar	13010	True	False	False
xptar	04010	True	True	True
xptar	30110	True	False	False
xptar	21110	True	True	True
xptar	12110	True	False	False
xptar	03110	True	True	True
xptar	20210	True	False	False
xptar	11210	True	True	True
xptar	02210	True	True	False
xptar	10310	True	False	False
xptar	01310	True	True	False
xptar	00410	True	False	False
xptar	30020	True	True	True
xptar	21020	True	False	True
xptar	12020	True	False	True
xptar	03020	True	False	True
xptar	20120	True	True	True
xptar	11120	True	False	False
xptar	02120	True	False	False
xptar	10220	True	False	False
xptar	01220	True	False	False
xptar	00320	True	False	False
xptar	20030	True	False	False
xptar	11030	True	True	True
xptar	02030	True	False	False
xptar	10130	True	False	False
xptar	01130	True	False	False
xptar	00230	True	True	True
xptar	10040	True	False	True
xptar	01040	True	False	False
xptar	00140	True	False	False
xptar	00050	True	False	False
xptar	60000	True	True	True
xptar	51000	True	True	True
xptar	42000	True	False	False
xptar	33000	True	False	False
xptar	24000	True	True	True
xptar	15000	True	False	True
xptar	06000	True	True	True
xptar	50100	True	True	True
xptar	41100	True	False	True
xptar	32100	True	True	True
xptar	23100	True	False	False
xptar	14100	True	False	False
xptar	05100	True	True	True
xptar	40200	True	True	True
xptar	31200	True	True	True
xptar	22200	True	False	False
xptar	13200	True	False	False
xptar	04200	True	True	True
xptar	30300	True	False	False
xptar	21300	True	False	False
xptar	12300	True	False	False
xptar	03300	True	True	True
xptar	20400	True	False	False
xptar	11400	True	False	True
xptar	02400	True	False	False
xptar	10500	True	False	False
xptar	01500	True	False	False
xptar	00600	True	True	True
xptar	50010	True	False	True
xptar	41010	True	True	True
xptar	32010	True	False	True
xptar	23010	True	False	False
xptar	14010	True	False	False
xptar	05010	True	True	True
xptar	40110	True	True	True
xptar	31110	True	True	True
xptar	22110	True	False	False
xptar	13110	True	False	False
xptar	04110	True	False	False
xptar	30210	True	False	False
xptar	21210	True	False	False
xptar	12210	True	False	False
xptar	03210	True	False	False
xptar	20310	True	False	False
xptar	11310	True	True	True
xptar	02310	True	False	False
xptar	10410	True	False	False
xptar	01410	True	False	False
xptar	00510	True	False	False
xptar	40020	True	True	False
xptar	31020	True	False	False
xptar	22020	True	False	False
xptar	13020	True	False	False
xptar	04020	True	True	True
xptar	30120	True	False	False
xptar	21120	True	False	False
xptar	12120	True	False	False
xptar	03120	True	False	False
xptar	20220	True	False	False
xptar	11220	True	False	False
xptar	02220	True	False	True
xptar	10320	True	False	False
xptar	01320	True	True	True
xptar	00420	True	False	False
xptar	30030	True	False	False
xptar	21030	True	True	True
xptar	12030	True	False	False
xptar	03030	True	False	False
xptar	20130	True	False	False
xptar	11130	True	False	False
xptar	02130	True	False	False
xptar	10230	True	False	False
xptar	01230	True	False	False
xptar	00330	True	False	False
xptar	20040	True	True	True
xptar	11040	True	False	False
xptar	02040	True	False	True
xptar	10140	True	False	False
xptar	01140	True	False	False
xptar	00240	True	False	False
xptar	10050	True	False	False
xptar	01050	True	True	True
xptar	00150	True	False	True
xptar	00060	True	False	False
ytar	00000	True	True	True
ytar	10000	True	True	True
ytar	01000	True	True	True
ytar	00100	True	True	True
ytar	00010	True	True	True
ytar	20000	True	True	True
ytar	11000	True	True	True
ytar	02000	True	True	True
ytar	10100	True	True	True
ytar	01100	True	True	True
ytar	00200	True	True	True
ytar	10010	True	True	True
ytar	01010	True	True	True
ytar	00110	True	False	False
ytar	00020	True	True	True
ytar	30000	True	True	True
ytar	21000	True	True	True
ytar	12000	True	True	True
ytar	03000	True	True	True
ytar	20100	True	True	True
ytar	11100	True	True	True
ytar	02100	True	True	True
ytar	10200	True	True	True
ytar	01200	True	True	True
ytar	00300	True	True	True
ytar	20010	True	True	True
ytar	11010	True	True	True
ytar	02010	True	True	True
ytar	10110	True	True	True
ytar	01110	True	True	True
ytar	00210	True	True	True
ytar	10020	True	True	True
ytar	01020	True	True	True
ytar	00120	True	True	True
ytar	00030	True	True	True
ytar	40000	True	True	True
ytar	31000	True	False	False
ytar	22000	True	True	True
ytar	13000	True	False	False
ytar	04000	True	False	True
ytar	30100	True	True	True
ytar	21100	True	True	True
ytar	12100	True	True	True
ytar	03100	True	True	True
ytar	20200	True	True	True
ytar	11200	True	False	False
ytar	02200	True	True	True
ytar	10300	True	True	True
ytar	01300	True	True	True
ytar	00400	True	True	True
ytar	30010	True	True	True
ytar	21010	True	True	True
ytar	12010	True	True	True
ytar	03010	True	True	True
ytar	20110	True	False	True
ytar	11110	True	True	True
ytar	02110	True	True	True
ytar	10210	True	False	False
ytar	01210	True	True	True
ytar	00310	True	False	False
ytar	20020	True	True	True
ytar	11020	True	True	True
ytar	02020	True	True	True
ytar	10120	True	True	True
ytar	01120	True	True	True
ytar	00220	True	True	True
ytar	10030	True	True	True
ytar	01030	True	True	True
ytar	00130	True	True	True
ytar	00040	True	False	False
ytar	50000	True	True	True
ytar	41000	True	True	True
ytar	32000	True	False	False
ytar	23000	True	False	False
ytar	14000	True	True	True
ytar	05000	True	True	True
ytar	40100	True	True	True
ytar	31100	True	True	True
ytar	22100	True	False	False
ytar	13100	True	True	True
ytar	04100	True	True	True
ytar	30200	True	True	True
ytar	21200	True	True	True
ytar	12200	True	True	True
ytar	03200	True	True	True
ytar	20300	True	False	False
ytar	11300	True	False	False
ytar	02300	True	True	True
ytar	10400	True	False	True
ytar	01400	True	True	True
ytar	00500	True	True	True
ytar	40010	True	True	True
ytar	31010	True	True	True
ytar	22010	True	True	True
ytar	13010	True	False	True
ytar	04010	True	True	True
ytar	30110	True	True	True
ytar	21110	True	False	True
ytar	12110	True	True	True
ytar	03110	True	True	True
ytar	20210	True	True	True
ytar	11210	True	False	False
ytar	02210	True	True	False
ytar	10310	True	False	False
ytar	01310	True	True	True
ytar	00410	True	False	False
ytar	30020	True	False	True
ytar	21020	True	True	True
ytar	12020	True	True	True
ytar	03020	True	False	False
ytar	20120	True	False	False
ytar	11120	True	False	False
ytar	02120	True	False	False
ytar	10220	True	False	False
ytar	01220	True	False	False
ytar	00320	True	False	True
ytar	20030	True	False	False
ytar	11030	True	True	True
ytar	02030	True	True	True
ytar	10130	True	False	False
ytar	01130	True	False	False
ytar	00230	True	False	False
ytar	10040	True	True	True
ytar	01040	True	False	False
ytar	00140	True	True	True
ytar	00050	True	True	True
ytar	60000	True	True	True
ytar	51000	True	False	False
ytar	42000	True	True	True
ytar	33000	True	True	True
ytar	24000	True	False	False
ytar	15000	True	False	False
ytar	06000	True	True	True
ytar	50100	True	False	False
ytar	41100	True	True	True
ytar	32100	True	False	False
ytar	23100	True	True	True
ytar	14100	True	True	True
ytar	05100	True	True	True
ytar	40200	True	True	True
ytar	31200	True	False	False
ytar	22200	True	False	False
ytar	13200	True	False	False
ytar	04200	True	True	True
ytar	30300	True	True	True
ytar	21300	True	False	False
ytar	12300	True	True	True
ytar	03300	True	False	False
ytar	20400	True	True	True
ytar	11400	True	True	False
ytar	02400	True	False	False
ytar	10500	True	True	True
ytar	01500	True	True	True
ytar	00600	True	True	True
ytar	50010	True	True	True
ytar	41010	True	False	False
ytar	32010	True	True	True
ytar	23010	True	False	False
ytar	14010	True	False	True
ytar	05010	True	True	True
ytar	40110	True	True	True
ytar	31110	True	False	False
ytar	22110	True	False	True
ytar	13110	True	True	True
ytar	04110	True	True	True
ytar	30210	True	True	True
ytar	21210	True	True	True
ytar	12210	True	False	False
ytar	03210	True	True	True
ytar	20310	True	True	True
ytar	11310	True	False	False
ytar	02310	True	False	False
ytar	10410	True	False	False
ytar	01410	True	True	True
ytar	00510	True	False	False
ytar	40020	True	True	True
ytar	31020	True	False	True
ytar	22020	True	False	False
ytar	13020	True	False	True
ytar	04020	True	False	True
ytar	30120	True	False	False
ytar	21120	True	False	False
ytar	12120	True	True	True
ytar	03120	True	False	False
ytar	20220	True	True	True
ytar	11220	True	False	False
ytar	02220	True	False	False
ytar	10320	True	True	True
ytar	01320	True	False	False
ytar	00420	True	True	True
ytar	30030	True	True	True
ytar	21030	True	False	False
ytar	12030	True	False	False
ytar	03030	True	True	True
ytar	20130	True	False	False
ytar	11130	True	False	False
ytar	02130	True	False	False
ytar	10230	True	True	True
ytar	01230	True	False	False
ytar	00330	True	True	True
ytar	20040	True	False	False
ytar	11040	True	True	True
ytar	02040	True	False	False
ytar	10140	True	False	False
ytar	01140	True	False	False
ytar	00240	True	False	False
ytar	10050	True	False	True
ytar	01050	True	True	True
ytar	00150	True	False	False
ytar	00060	True	False	False
yptar	00000	True	True	True
yptar	10000	True	True	True
yptar	01000	True	True	True
yptar	00100	True	True	True
yptar	00010	True	True	True
yptar	20000	True	True	True
yptar	11000	True	True	True
yptar	02000	True	True	True
yptar	10100	True	True	True
yptar	01100	True	True	True
yptar	00200	True	True	True
yptar	10010	True	True	True
yptar	01010	True	True	True
yptar	00110	True	True	True
yptar	00020	True	True	True
yptar	30000	True	False	True
yptar	21000	True	True	True
yptar	12000	True	False	False
yptar	03000	True	True	True
yptar	20100	True	True	True
yptar	11100	True	True	True
yptar	02100	True	True	True
yptar	10200	True	True	True
yptar	01200	True	False	False
yptar	00300	True	True	True
yptar	20010	True	True	True
yptar	11010	True	True	True
yptar	02010	True	True	True
yptar	10110	True	False	False
yptar	01110	True	True	True
yptar	00210	True	True	True
yptar	10020	True	True	True
yptar	01020	True	True	True
yptar	00120	True	True	True
yptar	00030	True	True	True
yptar	40000	True	False	False
yptar	31000	True	True	True
yptar	22000	True	False	False
yptar	13000	True	False	False
yptar	04000	True	True	True
yptar	30100	True	False	True
yptar	21100	True	True	True
yptar	12100	True	False	False
yptar	03100	True	True	True
yptar	20200	True	True	True
yptar	11200	True	False	False
yptar	02200	True	True	False
yptar	10300	True	False	False
yptar	01300	True	False	False
yptar	00400	True	False	False
yptar	30010	True	True	True
yptar	21010	True	False	True
yptar	12010	True	False	False
yptar	03010	True	False	True
yptar	20110	True	False	False
yptar	11110	True	False	False
yptar	02110	True	True	True
yptar	10210	True	False	False
yptar	01210	True	True	True
yptar	00310	True	False	False
yptar	20020	True	False	False
yptar	11020	True	False	False
yptar	02020	True	True	True
yptar	10120	True	True	True
yptar	01120	True	False	False
yptar	00220	True	True	True
yptar	10030	True	True	True
yptar	01030	True	False	False
yptar	00130	True	False	False
yptar	00040	True	False	False
yptar	50000	True	False	True
yptar	41000	True	False	False
yptar	32000	True	False	False
yptar	23000	True	False	False
yptar	14000	True	False	False
yptar	05000	True	False	False
yptar	40100	True	True	True
yptar	31100	True	False	False
yptar	22100	True	False	False
yptar	13100	True	False	False
yptar	04100	True	True	True
yptar	30200	True	True	True
yptar	21200	True	False	False
yptar	12200	True	False	False
yptar	03200	True	False	False
yptar	20300	True	False	False
yptar	11300	True	False	False
yptar	02300	True	True	True
yptar	10400	True	False	False
yptar	01400	True	False	False
yptar	00500	True	True	True
yptar	40010	True	True	False
yptar	31010	True	False	False
yptar	22010	True	False	False
yptar	13010	True	False	False
yptar	04010	True	False	False
yptar	30110	True	False	False
yptar	21110	True	False	False
yptar	12110	True	False	False
yptar	03110	True	False	False
yptar	20210	True	False	False
yptar	11210	True	False	False
yptar	02210	True	False	False
yptar	10310	True	False	False
yptar	01310	True	True	True
yptar	00410	True	False	False
yptar	30020	True	False	False
yptar	21020	True	False	False
yptar	12020	True	False	False
yptar	03020	True	False	False
yptar	20120	True	False	False
yptar	11120	True	False	False
yptar	02120	True	False	False
yptar	10220	True	False	False
yptar	01220	True	False	False
yptar	00320	True	False	False
yptar	20030	True	False	True
yptar	11030	True	False	False
yptar	02030	True	False	False
yptar	10130	True	False	False
yptar	01130	True	False	False
yptar	00230	True	False	False
yptar	10040	True	False	False
yptar	01040	True	False	False
yptar	00140	True	True	True
yptar	00050	True	False	False
yptar	60000	True	True	True
yptar	51000	True	False	False
yptar	42000	True	False	False
yptar	33000	True	False	True
yptar	24000	True	True	False
yptar	15000	True	False	False
yptar	06000	True	False	False
yptar	50100	True	True	True
yptar	41100	True	False	False
yptar	32100	True	False	False
yptar	23100	True	False	False
yptar	14100	True	False	False
yptar	05100	True	True	True
yptar	40200	True	True	False
yptar	31200	True	False	False
yptar	22200	True	False	False
yptar	13200	True	False	False
yptar	04200	True	False	False
yptar	30300	True	False	False
yptar	21300	True	False	False
yptar	12300	True	False	False
yptar	03300	True	True	True
yptar	20400	True	False	True
yptar	11400	True	False	False
yptar	02400	True	True	True
yptar	10500	True	True	True
yptar	01500	True	False	False
yptar	00600	True	False	False
yptar	50010	True	False	False
yptar	41010	True	False	False
yptar	32010	True	False	False
yptar	23010	True	True	True
yptar	14010	True	False	False
yptar	05010	True	False	False
yptar	40110	True	False	False
yptar	31110	True	False	False
yptar	22110	True	False	False
yptar	13110	True	False	False
yptar	04110	True	False	False
yptar	30210	True	True	True
yptar	21210	True	True	True
yptar	12210	True	False	False
yptar	03210	True	False	False
yptar	20310	True	False	True
yptar	11310	True	False	False
yptar	02310	True	False	False
yptar	10410	True	False	False
yptar	01410	True	False	False
yptar	00510	True	True	False
yptar	40020	True	True	False
yptar	31020	True	True	True
yptar	22020	True	False	False
yptar	13020	True	False	False
yptar	04020	True	True	True
yptar	30120	True	False	False
yptar	21120	True	False	False
yptar	12120	True	False	False
yptar	03120	True	False	False
yptar	20220	True	False	False
yptar	11220	True	False	False
yptar	02220	True	False	False
yptar	10320	True	False	False
yptar	01320	True	False	False
yptar	00420	True	True	False
yptar	30030	True	False	False
yptar	21030	True	False	True
yptar	12030	True	False	False
yptar	03030	True	True	True
yptar	20130	True	False	False
yptar	11130	True	False	False
yptar	02130	True	False	False
yptar	10230	True	True	True
yptar	01230	True	True	False
yptar	00330	True	False	True
yptar	20040	True	True	True
yptar	11040	True	False	False
yptar	02040	True	True	True
yptar	10140	True	True	True
yptar	01140	True	False	False
yptar	00240	True	False	False
yptar	10050	True	False	False
yptar	01050	True	False	False
yptar	00150	True	False	False
yptar	00060	True	True	True
