target	fold	alpha	l1	budget	iterations	seconds	converged	dual_gap	gap_limit	gap_ratio	objective	kkt_max	active	validation_mse	svd_mse	mse_ratio	validation_rms	prediction_change_rms
xptar	0	0.0001	0.1	20000	20000	0.34958099806681275	False	7.770567196336989e-05	9.999999999999942e-07	77.70567196337034	0.002016885836258277	2.5531816641320854e-06	135	3.606760411121949e-06	2.7934533825334174e-06	1.2911475214420558	1.8991472852630333	
xptar	0	0.0001	0.1	100000	74423	1.1654800209216774	True	9.999401328603736e-07	9.999999999999942e-07	0.9999401328603793	0.0020167589897731792	7.730084463473957e-08	131	3.610508734604651e-06	2.7934533825334174e-06	1.2924893456894693	1.9001338728112427	0.010494334264721175
xptar	0	3e-05	0.1	20000	20000	0.31832224410027266	False	0.0008156226617589447	9.999999999999942e-07	815.6226617589494	0.0014572717628197685	8.642657566900446e-06	169	3.2259960550586006e-06	2.7934533825334174e-06	1.154841557489284	1.79610580285756	
xptar	0	3e-05	0.1	100000	100000	1.2697773040272295	False	8.861899795252194e-05	9.999999999999942e-07	88.61899795252245	0.0014524405939972528	9.446651034182879e-07	151	3.1986642840587074e-06	2.7934533825334174e-06	1.145057334430188	1.7884809990767885	0.06002669747016453
xptar	0	3e-05	0.1	300000	300000	3.5022888188250363	False	1.990189706730327e-06	9.999999999999942e-07	1.9901897067303382	0.0014523958919087925	1.0770377276332319e-07	151	3.1990634267765082e-06	2.7934533825334174e-06	1.1452002194771684	1.7885925826684252	0.006400036552694639
xptar	0	3e-05	0.1	1000000	354669	4.156466647051275	True	9.999815749888036e-07	9.999999999999942e-07	0.9999815749888094	0.0014523957027038545	3.3881963772341274e-08	150	3.1990805128771602e-06	2.7934533825334174e-06	1.145206335956777	1.7885973590713926	0.000563506573379658
xptar	0	0.0001	0.5	20000	20000	0.23141556605696678	False	4.982316758150211e-06	9.999999999999942e-07	4.9823167581502394	0.002300317171498147	9.560297619980645e-07	79	3.947935807382749e-06	2.7934533825334174e-06	1.4132814358270467	1.9869413195619918	
xptar	0	0.0001	0.5	100000	34547	0.40115263778716326	True	9.998426110402216e-07	9.999999999999942e-07	0.9998426110402273	0.0023003130854713067	8.621352717894901e-08	79	3.9479396179263135e-06	2.7934533825334174e-06	1.4132827999248294	1.9869422784586153	0.002168331444191005
xptar	0	3e-05	0.5	20000	20000	0.25288757123053074	False	8.913622688621975e-05	9.999999999999942e-07	89.13622688622027	0.0016074272614495463	3.5928598097072125e-06	100	3.4074121743320205e-06	2.7934533825334174e-06	1.2197848711696762	1.8459177051894866	
xptar	0	3e-05	0.5	100000	96960	0.9037091732025146	True	9.999786559555374e-07	9.999999999999942e-07	0.9999786559555431	0.0016066309190282946	1.4649208241329963e-07	94	3.3902033207963807e-06	2.7934533825334174e-06	1.213624448503151	1.841250477473497	0.02819319142964225
ytar	0	0.0001	0.1	20000	20000	0.32518600206822157	False	0.005297314625145543	9.999999999999995e-07	5297.3146251455455	0.0113930472255543	2.5376595939564917e-05	172	2.62632879984674e-06	2.3048727613212613e-06	1.1394680191982507	0.16205951992545023	
ytar	0	0.0001	0.1	100000	100000	1.301740222144872	False	0.0016996430122829679	9.999999999999995e-07	1699.6430122829686	0.01137781915389014	6.004915479332635e-06	166	2.626447158248715e-06	2.3048727613212613e-06	1.1395193705804012	0.16206317157974895	0.003918689756119829
ytar	0	0.0001	0.1	300000	300000	3.6418259562924504	False	2.6710402393919103e-05	9.999999999999995e-07	26.710402393919114	0.01137704953542562	3.492678971859933e-07	165	2.6263211068948813e-06	2.3048727613212613e-06	1.139464681507777	0.16205928257569455	0.0008175905360543923
ytar	0	0.0001	0.1	1000000	489158	5.845147580374032	True	9.9996431814679e-07	9.999999999999995e-07	0.9999643181467905	0.011377047254811052	2.223140320023188e-08	165	2.626299679044061e-06	2.3048727613212613e-06	1.1394553847469404	0.16205862146285402	4.207882220323791e-05
ytar	0	3e-05	0.1	20000	20000	0.3424492049962282	False	0.007399565382273668	9.999999999999995e-07	7399.565382273671	0.009051518650353417	3.392852318141267e-05	201	2.447022476406363e-06	2.3048727613212613e-06	1.0616735628406728	0.15642961600689184	
ytar	0	3e-05	0.1	100000	100000	1.3969464330002666	False	0.003708204101138797	9.999999999999995e-07	3708.2041011387987	0.009013055517898168	6.160035197574678e-06	184	2.4284495371270456e-06	2.3048727613212613e-06	1.0536154437154024	0.15583483362608777	0.009289527994997921
ytar	0	3e-05	0.1	300000	300000	3.8721833042800426	False	0.000760697114947247	9.999999999999995e-07	760.6971149472473	0.009009853306326532	1.191334370359141e-06	175	2.4295052563015854e-06	2.3048727613212613e-06	1.0540734816566963	0.1558687029618706	0.0020280393295879226
ytar	0	3e-05	0.1	1000000	1000000	12.322370607405901	False	2.0102636286953105e-06	9.999999999999995e-07	2.0102636286953115	0.009009707043539424	2.7607777982290665e-08	177	2.4295006680003186e-06	2.3048727613212613e-06	1.0540714909605746	0.15586855577698533	0.00031919045077257753
ytar	0	3e-05	0.1	3000000	1081997	13.586099964566529	True	9.99992919808162e-07	9.999999999999995e-07	0.9999929198081624	0.009009707019042142	1.4777964366398875e-08	177	2.429499007041638e-06	2.3048727613212613e-06	1.0540707703313459	0.1558685024962272	6.54015101849626e-06
ytar	0	0.0001	0.5	20000	20000	0.29335545375943184	False	0.0008334965061021321	9.999999999999995e-07	833.4965061021325	0.011715516509774641	1.5826318864527515e-05	112	2.628500449701754e-06	2.3048727613212613e-06	1.1404102186512777	0.16212650769389175	
ytar	0	0.0001	0.5	100000	100000	1.0310080600902438	False	4.003209430470096e-06	9.999999999999995e-07	4.003209430470098	0.011710108600031688	1.2624770779749603e-07	111	2.628072164245663e-06	2.3048727613212613e-06	1.1402244012546396	0.16211329878346387	0.0026708202984031893
ytar	0	0.0001	0.5	300000	120233	1.2572828871197999	True	9.998957215852106e-07	9.999999999999995e-07	0.9998957215852111	0.011710108381722715	2.995338000396031e-08	111	2.628069754824112e-06	2.3048727613212613e-06	1.1402233558947432	0.16211322447055673	2.319927074496175e-05
ytar	0	3e-05	0.5	20000	20000	0.33283398393541574	False	0.0038157010576630066	9.999999999999995e-07	3815.701057663008	0.009154321807071032	3.334523160616452e-05	155	2.4450647102846456e-06	2.3048727613212613e-06	1.060824159717615	0.15636702690416052	
ytar	0	3e-05	0.5	100000	100000	1.1765061309561133	False	0.0004291398322253199	9.999999999999995e-07	429.1398322253201	0.009116899649541597	3.479844132036494e-06	136	2.433364533780288e-06	2.3048727613212613e-06	1.0557478810176788	0.15599245282321475	0.007648827078838365
ytar	0	3e-05	0.5	300000	300000	3.304526327177882	False	6.2236960177239265e-06	9.999999999999995e-07	6.223696017723929	0.009116382754581272	1.325423481173131e-07	132	2.4339237501247757e-06	2.3048727613212613e-06	1.0559905045385396	0.15601037626147743	0.0009124008473526772
ytar	0	3e-05	0.5	1000000	421450	4.547801127191633	True	9.999875129223354e-07	9.999999999999995e-07	0.9999875129223359	0.009116381034330934	2.174099320686417e-08	133	2.4339887391460834e-06	2.3048727613212613e-06	1.0560187008981818	0.15601245909048683	5.0186317596854506e-05
yptar	0	0.0001	0.1	20000	20000	0.255234288983047	False	0.00025700136325096764	9.999999999999904e-07	257.0013632509701	0.0032917971895439053	5.840537949428141e-06	136	1.216986175723059e-06	1.1850733542913084e-06	1.0269289840297142	1.1031709639593759	
yptar	0	0.0001	0.1	100000	100000	1.0655522150918841	False	7.733702627216007e-06	9.999999999999904e-07	7.733702627216082	0.0032911643243898055	4.193245768489834e-07	129	1.2170969571389213e-06	1.1850733542913084e-06	1.0270224646699304	1.103221173264419	0.009101500076434257
yptar	0	0.0001	0.1	300000	155579	1.7099268538877368	True	9.999893473372923e-07	9.999999999999904e-07	0.9999893473373018	0.003291161836697032	8.246793914156749e-08	128	1.2171355009405807e-06	1.1850733542913084e-06	1.027054989071496	1.10323864188152	0.0005854719639598573
yptar	0	3e-05	0.1	20000	20000	0.3268111771903932	False	0.001173481503973359	9.999999999999904e-07	1173.4815039733703	0.0029887401814782783	7.809737587467892e-06	164	1.198106537559084e-06	1.1850733542913084e-06	1.0109977861037722	1.094580530412945	
yptar	0	3e-05	0.1	100000	100000	1.3201615610159934	False	0.00025587874304573667	9.999999999999904e-07	255.87874304573913	0.0029869629804737427	2.0345207047448523e-06	147	1.197375407256773e-06	1.1850733542913084e-06	1.0103808366975067	1.0942465020537069	0.020060742098253898
yptar	0	3e-05	0.1	300000	300000	3.5250050937756896	False	2.2222496370805168e-05	9.999999999999904e-07	22.22249637080538	0.002986822816865824	2.62351077634075e-07	144	1.1975663058232356e-06	1.1850733542913084e-06	1.0105419225625896	1.0943337268965236	0.004051343972941002
yptar	0	3e-05	0.1	1000000	508963	5.650303432717919	True	9.99971598314199e-07	9.999999999999904e-07	0.9999715983142087	0.0029868203595337225	3.930729472977032e-08	144	1.1975610174382122e-06	1.1850733542913084e-06	1.0105374600666568	1.0943313106359573	0.00046558944824860846
yptar	0	0.0001	0.5	20000	20000	0.22243665298447013	False	4.393585493910683e-05	9.999999999999904e-07	43.93585493910725	0.0035117057996506378	3.894739877049039e-06	72	1.2397811395210149e-06	1.1850733542913084e-06	1.0461640497034232	1.1134545969733185	
yptar	0	0.0001	0.5	100000	32968	0.36802958976477385	True	9.998600275262062e-07	9.999999999999904e-07	0.9998600275262157	0.0035116532914398805	1.226268052075807e-07	74	1.2397086420529681e-06	1.1850733542913084e-06	1.0461028741924017	1.1134220413001388	0.004289460955782598
yptar	0	3e-05	0.5	20000	20000	0.23861875524744391	False	0.000310058795459792	9.999999999999904e-07	310.05879545979496	0.00307583736972272	8.301940944809347e-06	102	1.205888529772375e-06	1.1850733542913084e-06	1.0175644616476205	1.0981295596478473	
yptar	0	3e-05	0.5	100000	75189	0.7187241120263934	True	9.998373716864472e-07	9.999999999999904e-07	0.9998373716864568	0.0030753000314590775	9.014962440853988e-08	97	1.205428448504484e-06	1.1850733542913084e-06	1.0171762314454773	1.0979200556071849	0.011925748567942327
