model	pool	target	n	rms	bias	spread	width68	p95	pooled_rms_gain	macro_rms	macro_gain	improved_cells	cells	worst_cell_gain	within_hole_spread	within_hole_gain	hole_centroid_rms	same_holes_rms	equal_hole_spread	improved_holes	holes	within_hole_events
balanced_squared_full	core	xptar	77864	1.4886187412037097	0.28025769988652655	1.461999103391391	1.4573025391982122	2.860952526579673	0.0	1.6048662909832736	0.0	0	25	0.0	1.3041847671424538	0.0	0.6745606617969302	1.468308548395169	1.3202530717218761	0	1662	72795
all_core_squared_full	core	xptar	77864	1.4484710351158088	-0.005163268700294765	1.448461832505707	1.4475920161500722	2.7575960890910283	2.6969770685163597	1.6327403609140596	-1.7368468692621208	10	25	-9.126740565331314	1.3048965746586996	-0.05457873256757839	0.5648645506299158	1.421909642387428	1.3215262234980691	795	1662	72795
all_core_huber_full	core	xptar	77864	1.4485017322981864	-0.0069948242458238155	1.4484848431739343	1.446653692041457	2.758650463779682	2.69491494330405	1.6325569778709885	-1.7254201825592341	11	25	-9.165912905923035	1.3040635161338294	0.00929707290555637	0.567236941572966	1.4220898009606773	1.3203177802655557	822	1662	72795
all_supported_squared_full	core	xptar	77864	1.505663279519487	0.08044528581639679	1.5035127093853564	1.478431414021772	2.8820372155269	-1.1449901740451685	1.6777527376394112	-4.541589979529159	4	25	-9.332628347991069	1.2899629365403062	1.0904766686785083	0.7193627293878809	1.476985820541305	1.2987385931248387	921	1662	72795
all_supported_huber_full	core	xptar	77864	1.4656148533755236	0.03920754486134378	1.4650903272020135	1.4545048818890367	2.7863317105966203	1.5453176284469627	1.6376562726105668	-2.0431597206271412	7	25	-8.824925183280508	1.2927146021287437	0.8794892643043117	0.6340318661372174	1.4398289654796914	1.3039396715585556	982	1662	72795
all_core_squared_equalfoil	core	xptar	77864	1.483744903307249	0.25208162446591664	1.4621743373130518	1.4545461762192036	2.847118284553081	0.3274067268909775	1.5994776099156505	0.335771341070501	18	25	-3.116571376525701	1.3020676192692433	0.1623349640748617	0.6661688432512429	1.462587095823074	1.3187169682759319	926	1662	72795
all_core_huber_equalfoil	core	xptar	77864	1.4841121289177288	0.25262990157473675	1.4624523732522205	1.454610346766726	2.84513444434306	0.30273784423383576	1.600424569012271	0.2767658586860344	18	25	-3.701617881257935	1.301284333344384	0.22239439312152776	0.668250719958345	1.4628396839477606	1.3175531789584476	941	1662	72795
all_supported_squared_equalfoil	core	xptar	77864	1.5739895370506833	0.3434459963496883	1.5360624695423017	1.5020860662594315	3.0278011353042507	-5.734899977004315	1.6796625484924657	-4.660591223669219	1	25	-18.035176777614502	1.287966667235506	1.243543117167567	0.86109755690642	1.5493053728751933	1.297079626996231	926	1662	72795
all_supported_huber_equalfoil	core	xptar	77864	1.5186333611184486	0.3033303035144097	1.4880315898769663	1.4694299971943745	2.914253362172171	-2.0162731452963323	1.623991293889145	-1.1916882430220266	8	25	-11.687881099513042	1.290130008353675	1.0776662281966054	0.7603833994340179	1.49753742944525	1.3013809085475478	1030	1662	72795
balanced_squared_full	core	ytar	77864	0.13581953088841758	0.010643359698785042	0.13540186064110085	0.13114058316735325	0.26938752968576124	0.0	0.150268918594305	0.0	0	25	0.0	0.1269194260973752	0.0	0.04301730502353577	0.13401130270382047	0.13373747906764835	0	1662	72795
all_core_squared_full	core	ytar	77864	0.13430125052250155	-0.0007930778261144682	0.13429890885435164	0.1293753798682568	0.2669449907780521	1.1178660064459889	0.15046292352709048	-0.12910516333006772	13	25	-8.88207977910258	0.12611178858442887	0.6363387684456545	0.03958226503962256	0.13217767937753563	0.13370793355888702	863	1662	72795
all_core_huber_full	core	ytar	77864	0.13434917046648612	-0.0009149201526276618	0.13434605511940895	0.12907998250201702	0.26695049645873126	1.0825839349566269	0.1507415233438998	-0.3145059896722424	14	25	-8.404487603730715	0.12597294762958	0.7457317582487577	0.03990378851748554	0.13214195349143704	0.13410462824380137	836	1662	72795
all_supported_squared_full	core	ytar	77864	0.13457862904876877	-0.0003714777456042808	0.13457811635229047	0.12981738598277084	0.2669420138437201	0.9136402044182201	0.15072448756601978	-0.3031691290364069	12	25	-10.021739101029592	0.1257668994992344	0.908077379152783	0.04143231416404496	0.1324158210586584	0.13313389956545293	902	1662	72795
all_supported_huber_full	core	ytar	77864	0.13453769387250863	-0.00044251911693971165	0.13453696610732677	0.12953500432910414	0.26663415315042327	0.9437795930557602	0.1507916330824869	-0.3478526983967445	12	25	-8.647789749234036	0.12547789323193112	1.135785836549641	0.04196686563633119	0.1323099372732894	0.13298707842829377	930	1662	72795
all_core_squared_equalfoil	core	ytar	77864	0.13502416226151345	0.00973184227552483	0.13467299521562526	0.13000001609237263	0.26726805171266893	0.5856069607231729	0.14955878659288604	0.47257410784740106	17	25	-4.778542640891059	0.1261673410410388	0.5925689072682871	0.04226187630596783	0.1330573715893513	0.13309455464456305	959	1662	72795
all_core_huber_equalfoil	core	ytar	77864	0.13499709247937675	0.009778335844673386	0.13464248633323056	0.1298172181088554	0.2672984119947003	0.6055376599088058	0.14962619060586316	0.4277185158809038	18	25	-6.3475238981103965	0.12606081785332887	0.6764986814450147	0.042341359450415686	0.13298165481734486	0.13330283517269625	944	1662	72795
all_supported_squared_equalfoil	core	ytar	77864	0.13548890952240833	0.010769890000851238	0.13506018685364285	0.1303796740798495	0.26834031603833375	0.24342696801159525	0.1500638677239571	0.13645594329556587	17	25	-6.918306141490849	0.12592441959230297	0.7839670692403211	0.04425314021745708	0.13347396700766895	0.13305735248996747	943	1662	72795
all_supported_huber_equalfoil	core	ytar	77864	0.13541728167081157	0.010895275342193086	0.13497826917815223	0.13006063007009705	0.26798168654721616	0.29616448751872415	0.14998952774120866	0.18592724011720074	15	25	-8.11765575783905	0.12569482582249775	0.964864333642601	0.044570710679387136	0.13336317891012375	0.13284644237906393	1003	1662	72795
balanced_squared_full	core	yptar	77864	1.0291664981123816	-0.014651789396982052	1.029062197296339	1.0270298432599523	2.009033032341843	0.0	1.0693447645536924	0.0	0	25	0.0	0.9869440849038682	0.0	0.27249803195673866	1.0238719666770009	1.0080644336302484	0	1662	72795
all_core_squared_full	core	yptar	77864	1.0231500839895404	0.0012062631620975604	1.0231493729153078	1.0211799713093588	1.9926794913397137	0.5845909416868911	1.0690740388089959	0.02531697481208406	12	25	-4.053267092765944	0.983137675705832	0.38567627652451586	0.25758669363695436	1.0163220917263798	1.0071035034321627	838	1662	72795
all_core_huber_full	core	yptar	77864	1.023145953882032	0.0027439357662988684	1.0231422744475391	1.0202629111723707	1.9944279758348857	0.5849922477453418	1.0699702113591414	-0.058488789226918136	12	25	-5.069116456336387	0.9826637411031784	0.4336966871944625	0.25835103820798566	1.0160577183516881	1.0080860078073715	834	1662	72795
all_supported_squared_full	core	yptar	77864	1.0310974785688665	0.002628930846981884	1.0310941271453717	1.0312459985916602	2.0072300219193213	-0.1876256621281991	1.0742757683690263	-0.4611238562889364	12	25	-6.273106563278352	0.9765566902111319	1.052480566186087	0.30696948243170114	1.0236665630665618	1.0029288627500081	917	1662	72795
all_supported_huber_full	core	yptar	77864	1.026959158035283	0.004753495557278198	1.0269481567014591	1.026376474458111	1.9987908640855696	0.21447842318488286	1.0728635148921482	-0.32905667611551337	12	25	-6.123946173510109	0.9773639188019599	0.9706898545160603	0.28953480032952034	1.0193481399295234	1.0032396633046359	886	1662	72795
all_core_squared_equalfoil	core	yptar	77864	1.0277227499832662	-0.023768420190579773	1.0274478639010405	1.0260838262637717	2.003036256617405	0.14028324199859554	1.065653531858704	0.3451863998725546	17	25	-3.5586694437760302	0.9796855131232027	0.7354592718768371	0.28964095431875664	1.0216044180807722	1.0023901237757988	1016	1662	72795
all_core_huber_equalfoil	core	yptar	77864	1.0274907590603455	-0.02243293294680448	1.0272458437364491	1.0252852377405992	2.0000286080993357	0.1628248738284488	1.065654641192226	0.34508266031549883	18	25	-4.181911805850547	0.9793397478379338	0.7704932004000131	0.28942927738706037	1.0212128320306515	1.0028468553728915	1012	1662	72795
all_supported_squared_equalfoil	core	yptar	77864	1.0442995073171322	-0.024211282637722115	1.0440188095890999	1.0498485239060327	2.0289969175937257	-1.4704140906749652	1.0740976732482297	-0.4444692537042716	14	25	-9.135337873546767	0.9730071817476788	1.4121269248548063	0.3623477327548444	1.0382864995583525	1.0004359606856494	921	1662	72795
all_supported_huber_equalfoil	core	yptar	77864	1.0373777826240138	-0.022940689374623124	1.037124095107684	1.0413659486969926	2.015655104016637	-0.7978577350402194	1.0706534336030107	-0.12238046069870112	15	25	-6.338118646785218	0.973911880366974	1.320460270873769	0.33826850743352516	1.0309849338575419	1.0004891049156723	947	1662	72795
balanced_squared_full	shoulder	xptar	22532	4.318662700767159	-0.08208348220986841	4.317882562662606	3.678095446848087	8.76373325859299	0.0	4.5845893896704	0.0	0	25	0.0	3.9082660705102565	0.0	1.33209328750039	4.129045435025543	3.977639213034194	0	584	14964
all_core_squared_full	shoulder	xptar	22532	4.342221948940299	-0.3632700975837782	4.326999686856976	3.667945557144977	8.806424690866136	-0.5455218387153904	4.631799066069305	-1.0297471024400373	5	25	-3.6815275685836646	3.913567821197059	-0.135654804231633	1.3572512714480336	4.14223902074185	3.979871640954813	279	584	14964
all_core_huber_full	shoulder	xptar	22532	4.341000524096574	-0.36365513158230744	4.3257416121956	3.666034020450664	8.804605404685034	-0.5172393603567915	4.62824031049422	-0.9521227990923142	6	25	-3.7239539824782897	3.911796001149868	-0.09031960915473203	1.3629986453793914	4.142452566043232	3.978271965700037	289	584	14964
all_supported_squared_full	shoulder	xptar	22532	4.136230019786298	-0.2503467208156489	4.128646908607978	3.610520037637914	8.43676795833543	4.224286396537835	4.39491067495951	4.137310860123211	17	25	-4.285852916172561	3.7698326256422225	3.5420680775185898	1.2596493254972865	3.974714385787022	3.808594076870825	339	584	14964
all_supported_huber_full	shoulder	xptar	22532	4.214492869621811	-0.3017405595510349	4.203677292896651	3.62603571674122	8.600319313823508	2.4120853690852817	4.485652532898704	2.1580309240913143	19	25	-1.9529574749638234	3.8261905712681314	2.1000489158459312	1.2903247676127219	4.037904443343845	3.878982420823301	353	584	14964
all_core_squared_equalfoil	shoulder	xptar	22532	4.316904924124834	-0.10256095464923139	4.315686431439924	3.665067909308008	8.754159746096066	0.04070187380026402	4.580897620272454	0.08052562801510454	15	25	-0.811606467015058	3.901060232796727	0.1843742873060994	1.3439331374249988	4.126066797541824	3.9697208653976737	337	584	14964
all_core_huber_equalfoil	shoulder	xptar	22532	4.317120181364498	-0.10111594403353208	4.315935845932704	3.6648634303324275	8.771272060654134	0.03571752437130371	4.579108622398284	0.1195476149830399	16	25	-0.8483626892099361	3.9000878502174854	0.20925444033812468	1.35127481687016	4.12754513847172	3.969122215772079	339	584	14964
all_supported_squared_equalfoil	shoulder	xptar	22532	4.134985187803581	0.01651967407339404	4.134952188807451	3.5955769780020077	8.393759637261704	4.253110874598976	4.356832031011359	4.967890018072385	20	25	-6.4317181568869675	3.7719905994862195	3.4868524446761917	1.3059491239122172	3.9916683475533756	3.8175710486651133	350	584	14964
all_supported_huber_equalfoil	shoulder	xptar	22532	4.205898129041447	-0.03318798631645969	4.205767186785142	3.6237086483330927	8.545257732601371	2.61109930408967	4.443948473053549	3.06768839394278	23	25	-0.731993615507398	3.8260421181178885	2.1038473560637816	1.3098368427221048	4.044041399907305	3.8834229150723325	388	584	14964
balanced_squared_full	shoulder	ytar	22532	0.16721819736636348	0.006748325536809125	0.1670819727945099	0.1658206150089459	0.3232695600053179	0.0	0.17782950038787373	0.0	0	25	0.0	0.15091205458302293	0.0	0.046687618812320586	0.15796892722568523	0.1550519187118688	0	584	14964
all_core_squared_full	shoulder	ytar	22532	0.16593624672608437	-0.0028099817834330624	0.16591245275721989	0.16486476976387815	0.3202981362051897	0.7666334528594665	0.1780854936828075	-0.14395434636851334	11	25	-6.475491214026752	0.14918474652412145	1.1445792476115435	0.042343603206924284	0.1550776235567589	0.1537242988257456	353	584	14964
all_core_huber_full	shoulder	ytar	22532	0.1665187414688176	-0.002714158706107014	0.1664966203947605	0.16480890485223573	0.3214397126665609	0.41828934204656276	0.17899450775096282	-0.6551260395761371	11	25	-8.062806332702976	0.1488800753087019	1.34646584723499	0.04304437467642761	0.15497772425484066	0.15391159742251295	354	584	14964
all_supported_squared_full	shoulder	ytar	22532	0.16428196267506323	-0.001791285905542001	0.16427219653725786	0.1646637359967999	0.3155874326603732	1.7559301185786413	0.17627965334796064	0.871535395720402	13	25	-7.384714625546929	0.1476612946097851	2.1540757510855046	0.04216766657491826	0.15356422119169305	0.15188979435002845	383	584	14964
all_supported_huber_full	shoulder	ytar	22532	0.16466371839357272	-0.0014636628860802763	0.1646572131616278	0.16391177911011218	0.31700386404152797	1.5276321674453142	0.1768599551168308	0.5452105915656147	14	25	-6.289232019807667	0.1472436428358664	2.4308275155967562	0.043024808321224774	0.15340086207924103	0.15176664751140834	391	584	14964
all_core_squared_equalfoil	shoulder	ytar	22532	0.16635426108863763	0.0073806456706659584	0.1661904517468759	0.16479467835015624	0.3199975123054842	0.5166520697702737	0.17670266194215578	0.6336622682176607	18	25	-2.9988546010540906	0.1501773621467743	0.4868348246126697	0.044542156754964854	0.1566436842957521	0.1545234890598355	354	584	14964
all_core_huber_equalfoil	shoulder	ytar	22532	0.1666697192464151	0.007698195051609503	0.16649184096113004	0.16423559951228434	0.32059336137023964	0.328001454738025	0.17718057339126705	0.3649152672595135	16	25	-4.692673201697772	0.14995053836624606	0.6371367876698675	0.044968931440288476	0.1565482952676534	0.15453451322959713	357	584	14964
all_supported_squared_equalfoil	shoulder	ytar	22532	0.1646396882458815	0.009308931168111656	0.1643763083482787	0.16475871407122133	0.31719813612746905	1.5420027013164472	0.17506857308407217	1.5525699041944896	22	25	-4.548326640853162	0.14798957189323517	1.9365468834565358	0.044933056069223695	0.1546605732462641	0.15192438382226722	390	584	14964
all_supported_huber_equalfoil	shoulder	ytar	22532	0.1649850791581771	0.009801377114173926	0.16469368339889573	0.1641421110919384	0.31753895847535374	1.335451669350185	0.1754780127161423	1.3223270979238366	22	25	-6.711043356401913	0.14775623853957393	2.0911623343600083	0.045622189079755515	0.15463922582511996	0.15183920300638878	410	584	14964
balanced_squared_full	shoulder	yptar	22532	1.6756876691392388	-0.012520723411144205	1.6756408911191434	1.6628936442204094	3.045780953005187	0.0	1.681744558303477	0.0	0	25	0.0	1.6104299612124895	0.0	0.4097959106850969	1.6617512895692568	1.631063896740802	0	584	14964
all_core_squared_full	shoulder	yptar	22532	1.6738682806610927	-0.000705684765265187	1.6738681319065534	1.65629144015293	3.053435627342311	0.1085756320615916	1.6828309888406492	-0.06460140048070162	13	25	-7.1873603694769805	1.5976711619563102	0.7922604250714005	0.39456040478837295	1.6456703967604178	1.62858478131718	361	584	14964
all_core_huber_full	shoulder	yptar	22532	1.675342393174406	0.000101093715808121	1.6753423901243014	1.6562173837871204	3.04807008754731	0.02060503106824374	1.6858446966078486	-0.24380268002817118	12	25	-12.126725642025749	1.5958770996607037	0.9036631149627272	0.3954366796932992	1.6441392534905066	1.6283734552260096	363	584	14964
all_supported_squared_full	shoulder	yptar	22532	1.6236743843339192	-0.006087649490442825	1.6236629720683455	1.6428054308205406	3.018131892648779	3.103996392838393	1.6346582802654797	2.7998472066112945	19	25	-2.762302442321185	1.5407278875786665	4.3281654783263175	0.40939445453506035	1.594191407255314	1.5499865257573777	381	584	14964
all_supported_huber_full	shoulder	yptar	22532	1.6402404452467738	-0.0027365090217026313	1.6402381625061981	1.6493140387289742	3.027812193866325	2.115383704570284	1.6519910521147343	1.7692048439721275	17	25	-6.365325163900981	1.5573407827327261	3.296584127122959	0.4020299891020405	1.6083962278306818	1.5775706717469962	380	584	14964
all_core_squared_equalfoil	shoulder	yptar	22532	1.6517775927423515	-0.031225833938549538	1.6514824138272137	1.6527859656470334	3.0374729969110232	1.4268814431969479	1.6554261320884895	1.5649479039514302	21	25	-2.695612106951484	1.573206680917642	2.311387715788782	0.40404658395761417	1.6242638033557604	1.590764033448688	407	584	14964
all_core_huber_equalfoil	shoulder	yptar	22532	1.651974397865048	-0.030734035256499002	1.6516884785813697	1.6521628846394476	3.0391112934229723	1.4151367054202724	1.656129437111402	1.5231279367370343	21	25	-4.399906395255648	1.5718168916988815	2.397686980720126	0.40428251359013906	1.6229764914578075	1.5895701250964622	403	584	14964
all_supported_squared_equalfoil	shoulder	yptar	22532	1.6157368557937106	-0.037234141726275746	1.6153077743452031	1.6429889115188945	3.017980203917284	3.5776842218050997	1.6191017409851982	3.7248711172564786	21	25	-3.285700563743421	1.5247661390362415	5.31931373853427	0.44862267160572056	1.5893942494642859	1.5307130041096007	379	584	14964
all_supported_huber_equalfoil	shoulder	yptar	22532	1.6217537181914092	-0.03484783377534527	1.621379274244255	1.6404387894329515	3.0225162514785526	3.2186159712886186	1.627918236419307	3.2006241149053816	22	25	-5.764831757405542	1.5338232647603358	4.756909539516807	0.4311663327422777	1.5932727996204792	1.542458013283682	381	584	14964
balanced_squared_full	supported	xptar	100396	2.429914065001307	0.19893701465010308	2.421756888602421	1.8312403098945684	4.471493529601062	0.0	2.7449935126083416	0.0	0	25	0.0	2.261366298627093	0.0	0.7630120510197319	2.3866220745161426	2.4354957367144534	0	1962	96548
all_core_squared_full	supported	xptar	100396	2.4205005958876504	-0.08553363274271328	2.4189888656962237	1.8200017559246466	4.41330168849364	0.38739926029653926	2.777149900891461	-1.1714558936266384	7	25	-5.247752813229711	2.2646429009022313	-0.14489480439889846	0.717753792613684	2.37566369156457	2.4391879497387903	901	1962	96548
all_core_huber_full	supported	xptar	100396	2.4200231009086157	-0.0870405436460554	2.4184573084288985	1.820303136530018	4.416093325826667	0.40704995436479097	2.7752449644665114	-1.102059138545064	8	25	-5.287681961740098	2.26339708853126	-0.08980366893236447	0.7213334746869761	2.3755606416329957	2.4375337279455267	936	1962	96548
all_supported_squared_full	supported	xptar	100396	2.3659862015980617	0.0062052215366122	2.365978064432996	1.8442077888513735	4.43735439376883	2.6308693103190506	2.686065985281174	2.146727380465596	13	25	-4.585123814825254	2.193962023679049	2.98068804638002	0.7788863354636061	2.3281179705757595	2.3451631943467057	1140	1962	96548
all_supported_huber_full	supported	xptar	100396	2.377452259405549	-0.03731186516116423	2.377159454153369	1.8216261943880867	4.405364402641423	2.1589983922221556	2.710709450345102	1.248966968619969	14	25	-4.323560927732006	2.2206020498175425	1.802638026148129	0.7292772426826323	2.337288762722453	2.3827718245107854	1213	1962	96548
all_core_squared_equalfoil	supported	xptar	100396	2.4268992785057013	0.1724887463370817	2.4207618099264856	1.829988590374934	4.452356713622388	0.1240696755094639	2.7402062812662584	0.174398639563067	14	25	-0.8326355230336313	2.2580936101300026	0.14472173301057767	0.763315778604252	2.383618620915721	2.432493579103006	1109	1962	96548
all_core_huber_equalfoil	supported	xptar	100396	2.4271593464766887	0.17323827846977724	2.4209690192280395	1.8290481094087212	4.458460367217863	0.11336691137745492	2.739663255376965	0.1941810502244845	14	25	-1.0332989692172223	2.2572160565776893	0.1835280755675628	0.7672806145965949	2.384060374153277	2.431208984784518	1126	1962	96548
all_supported_squared_equalfoil	supported	xptar	100396	2.399744980116044	0.27007351245063393	2.3844991649117286	1.8608002600754086	4.527580568693802	1.2415700340928315	2.669951779196254	2.733767240884355	18	25	-5.188060111104464	2.1919592347940644	3.0692534807459815	0.884436870037151	2.363665345195909	2.3417257293484197	1158	1962	96548
all_supported_huber_equalfoil	supported	xptar	100396	2.3997390903925755	0.22780508232562577	2.388901954125535	1.8321583143422546	4.477741726000358	1.2418124181159174	2.6859797216126404	2.14986996233828	21	25	-1.0972988614753598	2.218139901472364	1.911516819763881	0.8097399204973208	2.3613181406474726	2.3793570894286677	1278	1962	96548
balanced_squared_full	supported	ytar	100396	0.14346568918321434	0.009769192304290826	0.14313268967827175	0.13861214102371636	0.28471043504682625	0.0	0.15721327563600104	0.0	0	25	0.0	0.13545240275861392	0.0	0.0434046131955392	0.1422368231497601	0.14438079144399626	0	1962	96548
all_core_squared_full	supported	ytar	100396	0.14201576193538343	-0.0012457341069055613	0.14201029816397961	0.13684644491489634	0.2810481931559157	1.0106439080212914	0.15736068521621002	-0.09376407915464569	12	25	-8.119922364451915	0.13459192255241992	0.6352638924592924	0.040559836068221375	0.1405705727321248	0.14436493213164864	1030	1962	96548
all_core_huber_full	supported	ytar	100396	0.14220380774233404	-0.0013187255142655433	0.14219769301728044	0.13649466942748528	0.28101439973893333	0.8795701941450296	0.15784093169103197	-0.39923858369579346	13	25	-8.281159471376487	0.1345581794187626	0.6601753247927888	0.041097526397575364	0.14069438625791475	0.1448876695637885	1004	1962	96548
all_supported_squared_full	supported	ytar	100396	0.14178758268438568	-0.0006901270688812718	0.14178590313606745	0.13691996168122944	0.2806429629065486	1.169691867360434	0.15704561235347886	0.10664702573234264	12	25	-9.18714585353575	0.1338866438632498	1.155947671267532	0.04211206981957846	0.14035333921732585	0.14335370449576768	1090	1962	96548
all_supported_huber_full	supported	ytar	100396	0.14185682241803754	-0.0006716956917661508	0.14185523216096155	0.13663644080095622	0.28059972260480415	1.1214296424019388	0.15728226827755745	-0.04388474273391285	11	25	-7.900741034399084	0.13362067613505133	1.3523027914291497	0.04297462346450943	0.1403613314011542	0.14326003384183558	1139	1962	96548
all_core_squared_equalfoil	supported	ytar	100396	0.14265571389761442	0.00920416027723127	0.14235847758819653	0.13735995087984187	0.2825037725547094	0.5645776981320849	0.15634807171231432	0.550337699018455	18	25	-4.004660180028874	0.1346846972982812	0.5667713858873547	0.042819872101518164	0.14132766584473122	0.14378371782017305	1141	1962	96548
all_core_huber_equalfoil	supported	ytar	100396	0.14271846904758315	0.00931148724164821	0.1424143869580408	0.13711273962647352	0.28242377383112927	0.5208354275404115	0.15654318777034595	0.4262285503207508	17	25	-5.627631787706644	0.13462765776525018	0.6088817743849839	0.04306846986854493	0.14134885684778312	0.1440467473298962	1110	1962	96548
all_supported_squared_equalfoil	supported	ytar	100396	0.14255100724460354	0.01044200518054676	0.1421680491329203	0.13762000876711034	0.2819120892711474	0.6375614572503796	0.1562641788713026	0.6037001397362518	19	25	-5.889276899479912	0.13404387607467222	1.039868363540064	0.04444887874722689	0.14122132818738026	0.14331313602427176	1131	1962	96548
all_supported_huber_equalfoil	supported	ytar	100396	0.1425878380556461	0.010649770393054396	0.1421895704753284	0.13728468577132344	0.28192438357903354	0.6118892486183025	0.15635470219912684	0.5461201882607458	17	25	-7.505305209404889	0.13383935575135866	1.1908589101441214	0.04504491890646451	0.14121620964757803	0.14316281791117408	1188	1962	96548
balanced_squared_full	supported	yptar	100396	1.20484721835908	-0.014173511589171996	1.2047638487092995	1.1536448877755996	2.316804924896404	0.0	1.2351868486913786	0.0	0	25	0.0	1.1679281564165547	0.0	0.28736842215622854	1.2027621496385446	1.1959387456147295	0	1962	96548
all_core_squared_full	supported	yptar	100396	1.2002969220798843	0.0007771622945397185	1.200296670483265	1.1472454522981153	2.306969101967794	0.3776658326350213	1.235823596501332	-0.0515507277808247	11	25	-5.374839377463858	1.1650717193124813	0.24457301490508065	0.2757929867284787	1.1972693442456281	1.2026319610580802	994	1962	96548
all_core_huber_full	supported	yptar	100396	1.200755674161035	0.002150799415431727	1.2007537478982924	1.1471112816597424	2.306367236740207	0.3395902929184125	1.2380304250642669	-0.23021426886959961	12	25	-8.075683500857789	1.1650682560585888	0.24486954460800625	0.27716246937772315	1.1975821791037802	1.2040854251338868	988	1962	96548
all_supported_squared_full	supported	yptar	100396	1.1900535671500612	0.0006726578065932873	1.190053377045778	1.1533537253848356	2.3073049993335273	1.2278445751127465	1.2227883993310167	1.0037711600878407	15	25	-4.819691815904603	1.1425152584220064	2.1758956537635266	0.3190642597927222	1.1862306342377866	1.1754800413980595	1116	1962	96548
all_supported_huber_full	supported	yptar	100396	1.1923745628373195	0.003072504450325768	1.1923706042241613	1.1483051483595847	2.3083583485711445	1.0352064005880623	1.2279356111380835	0.5870559228328465	16	25	-6.224923308014341	1.1490139828634276	1.619463787152775	0.30426567378290753	1.188617151591817	1.185362168763641	1098	1962	96548
all_core_squared_equalfoil	supported	yptar	100396	1.1964522257354768	-0.02544209689651681	1.1961816869409447	1.152844275151316	2.309250505626498	0.6967682288412047	1.2244476882522257	0.8694361060053946	18	25	-3.198739430515962	1.1546811806084563	1.134228653990399	0.302435171487935	1.1936312922357033	1.1906377876375567	1197	1962	96548
all_core_huber_equalfoil	supported	yptar	100396	1.1963586705129587	-0.02429595973315092	1.196111940769834	1.1515592982621274	2.3089152033879974	0.7045331322324877	1.2249438923210925	0.8292637167516936	18	25	-4.27310162212482	1.1544007318980407	1.1582411507244483	0.3027595063555033	1.1934422350894744	1.191395185728435	1176	1962	96548
all_supported_squared_equalfoil	supported	yptar	100396	1.1965395387051767	-0.027134019210725925	1.196231839020459	1.1688299706216863	2.316929636518252	0.6895214204185707	1.2180082164324806	1.3907719530124485	18	25	-5.026420446434976	1.1351520051774002	2.806349950472853	0.36838484037838265	1.1934309638512313	1.1672131398417365	1121	1962	96548
all_supported_huber_equalfoil	supported	yptar	100396	1.1936932903641724	-0.0256130247030931	1.1934184699534374	1.1611415593371541	2.3096888091618224	0.9257545541831003	1.2189541272646631	1.3141915689851569	18	25	-5.9712152668806695	1.1389334367722295	2.4825773302089904	0.34635446262627917	1.1904330250706843	1.1716066321275111	1145	1962	96548
