rungroup	entry	reason	protected	quality	old_sample	sample
rg01_theta12p490_foil0	2007	geometry_blocked	True	0	2	2
rg01_theta12p490_foil0	4670	geometry_blocked	False	0	0	0
rg01_theta12p490_foil0	4938	geometry_blocked	False	0	0	0
rg01_theta12p490_foil0	6300	geometry_blocked	False	0	0	0
rg01_theta12p490_foil0	6689	geometry_blocked	False	0	0	0
rg01_theta12p490_foil0	11426	geometry_blocked	False	0	0	0
rg01_theta12p490_foil0	12182	geometry_blocked	True	0	2	2
rg01_theta12p490_foil0	29362	geometry_blocked	True	0	2	2
rg01_theta12p490_foil0	31918	geometry_blocked	False	0	0	0
rg01_theta12p490_foil0	34330	geometry_blocked	True	0	2	2
rg01_theta12p490_foil0	39341	geometry_blocked	False	0	0	0
rg01_theta12p490_foil0	39653	geometry_blocked	False	0	0	0
rg01_theta12p490_foil0	42085	geometry_blocked	False	0	0	0
rg01_theta12p490_foil0	43057	geometry_blocked	True	0	2	2
rg01_theta12p490_foil0	44488	geometry_blocked	False	0	0	0
rg01_theta12p490_foil0	48493	geometry_blocked	False	0	0	0
rg01_theta12p490_foil0	55657	geometry_blocked	False	0	0	0
rg01_theta12p490_foil0	64636	geometry_blocked	False	0	0	0
rg01_theta12p490_foil0	69077	geometry_blocked	False	0	0	0
rg01_theta12p490_foil0	70646	geometry_blocked	False	0	0	0
rg01_theta12p490_foil0	76437	geometry_blocked	False	0	0	0
rg01_theta12p490_foil0	76640	geometry_blocked	False	0	0	0
rg01_theta12p490_foil0	77168	geometry_blocked	False	0	0	0
rg01_theta12p490_foil0	85350	geometry_blocked	False	0	0	0
rg01_theta12p490_foil0	88787	geometry_blocked	False	0	0	0
rg01_theta12p490_foil0	91254	geometry_blocked	False	0	0	0
rg01_theta12p490_foil0	91851	geometry_blocked	True	0	2	2
rg01_theta12p490_foil0	93110	geometry_blocked	False	0	0	0
rg01_theta12p490_foil0	94203	geometry_blocked	False	0	0	0
rg01_theta12p490_foil0	97892	geometry_blocked	False	0	0	0
rg01_theta12p490_foil0	102233	geometry_blocked	True	0	2	2
rg01_theta12p490_foil0	105117	geometry_blocked	False	0	0	0
rg01_theta12p490_foil0	107974	geometry_blocked	False	0	0	0
rg01_theta12p490_foil0	110008	geometry_blocked	False	0	0	0
rg01_theta12p490_foil0	110105	geometry_blocked	False	0	0	0
rg01_theta12p490_foil0	111601	geometry_blocked	False	0	0	0
rg01_theta12p490_foil0	111978	geometry_blocked	False	0	0	0
rg01_theta12p490_foil0	112111	geometry_blocked	False	0	0	0
rg01_theta12p490_foil0	119072	geometry_blocked	False	0	0	0
rg01_theta12p490_foil0	131122	geometry_blocked	False	0	0	0
rg01_theta12p490_foil0	131860	geometry_blocked	False	0	0	0
rg01_theta12p490_foil0	133639	geometry_blocked	False	0	0	0
rg01_theta12p490_foil0	134370	geometry_blocked	True	0	2	2
rg01_theta12p490_foil0	138746	geometry_blocked	False	0	0	0
rg01_theta12p490_foil0	141865	geometry_blocked	False	0	0	0
rg01_theta12p490_foil0	142290	geometry_blocked	False	0	0	0
rg01_theta12p490_foil0	142969	geometry_blocked	False	0	0	0
rg01_theta12p490_foil0	148972	geometry_blocked	False	0	0	0
rg01_theta12p490_foil0	154075	geometry_blocked	False	0	0	0
rg01_theta12p490_foil0	157310	geometry_blocked	False	0	0	0
rg01_theta12p490_foil0	162832	geometry_blocked	False	0	0	0
rg01_theta12p490_foil0	166518	geometry_blocked	False	0	0	0
rg01_theta12p490_foil0	167044	geometry_blocked	False	0	0	0
rg01_theta12p490_foil0	168944	geometry_blocked	False	0	0	0
rg01_theta12p490_foil0	172566	geometry_blocked	False	0	0	0
rg01_theta12p490_foil0	172642	geometry_blocked	False	0	0	0
rg01_theta12p490_foil0	173783	geometry_blocked	False	0	0	0
rg01_theta12p490_foil0	182734	geometry_blocked	False	0	0	0
rg01_theta12p490_foil0	182777	geometry_blocked	True	0	2	2
rg01_theta12p490_foil0	188842	geometry_blocked	False	0	0	0
rg01_theta12p490_foil0	189293	geometry_blocked	True	0	2	2
rg01_theta12p490_foil0	189898	geometry_blocked	False	0	0	0
rg01_theta12p490_foil0	193288	geometry_blocked	False	0	0	0
rg01_theta12p490_foil0	196527	geometry_blocked	False	0	0	0
rg01_theta12p490_foil0	197435	geometry_blocked	False	0	0	0
rg01_theta12p490_foil0	197886	geometry_blocked	False	0	0	0
rg01_theta12p490_foil0	200263	geometry_blocked	False	0	0	0
rg01_theta12p490_foil0	204161	geometry_blocked	False	0	0	0
rg01_theta12p490_foil0	204924	geometry_blocked	False	0	0	0
rg01_theta12p490_foil0	206664	geometry_blocked	False	0	0	0
rg01_theta12p490_foil0	212293	geometry_blocked	False	0	0	0
rg01_theta12p490_foil0	212480	geometry_blocked	True	0	2	2
rg01_theta12p490_foil0	218513	geometry_blocked	False	0	0	0
rg01_theta12p490_foil0	220651	geometry_blocked	False	0	0	0
rg01_theta12p490_foil0	220748	geometry_blocked	False	0	0	0
rg01_theta12p490_foil0	228389	geometry_blocked	False	0	0	0
rg01_theta12p490_foil0	229467	geometry_blocked	True	0	2	2
rg01_theta12p490_foil0	230267	geometry_blocked	False	0	0	0
rg01_theta12p490_foil0	231127	geometry_blocked	True	0	2	2
rg01_theta12p490_foil0	231749	geometry_blocked	False	0	0	0
rg01_theta12p490_foil0	233297	geometry_blocked	True	0	2	2
rg01_theta12p490_foil0	235414	geometry_blocked	True	0	2	2
rg01_theta12p490_foil0	238533	geometry_blocked	False	0	0	0
rg01_theta12p490_foil0	242294	geometry_blocked	True	0	2	2
rg01_theta12p490_foil0	242921	geometry_blocked	False	0	0	0
rg01_theta12p490_foil0	253239	geometry_blocked	False	0	0	0
rg01_theta12p490_foil0	254250	geometry_blocked	False	0	0	0
rg01_theta12p490_foil0	255154	geometry_blocked	False	0	0	0
rg01_theta12p490_foil0	263772	geometry_blocked	False	0	0	0
rg01_theta12p490_foil0	264162	geometry_blocked	True	0	2	2
rg01_theta12p490_foil0	264583	geometry_blocked	False	0	0	0
rg01_theta12p490_foil0	264883	geometry_blocked	False	0	0	0
rg01_theta12p490_foil0	266590	geometry_blocked	False	0	0	0
rg01_theta12p490_foil0	268646	geometry_blocked	False	0	0	0
rg01_theta12p490_foil0	269547	geometry_blocked	False	0	0	0
rg01_theta12p490_foil0	275456	geometry_blocked	True	0	2	2
rg01_theta12p490_foil0	276015	geometry_blocked	True	0	2	2
rg01_theta12p490_foil0	276396	geometry_blocked	False	0	0	0
rg01_theta12p490_foil0	277499	geometry_blocked	True	0	2	2
rg01_theta12p490_foil0	278229	geometry_blocked	False	0	0	0
rg01_theta12p490_foil0	282450	geometry_blocked	True	0	2	2
rg01_theta12p490_foil0	283258	geometry_blocked	False	0	0	0
rg01_theta12p490_foil0	283791	geometry_blocked	False	0	0	0
rg01_theta12p490_foil0	286640	geometry_blocked	False	0	0	0
rg01_theta12p490_foil0	289110	geometry_blocked	False	0	0	0
rg01_theta12p490_foil0	290526	geometry_blocked	True	0	2	2
rg01_theta12p490_foil0	293945	geometry_blocked	False	0	0	0
rg01_theta12p490_foil0	294523	geometry_blocked	False	0	0	0
rg01_theta12p490_foil0	294687	geometry_blocked	False	0	0	0
rg01_theta12p490_foil0	295021	geometry_blocked	False	0	0	0
rg01_theta12p490_foil0	298193	geometry_blocked	False	0	0	0
rg01_theta12p490_foil0	298232	geometry_blocked	True	0	2	2
rg01_theta12p490_foil0	300775	geometry_blocked	False	0	0	0
rg01_theta12p490_foil0	301255	geometry_blocked	True	0	2	2
rg01_theta12p490_foil0	308334	geometry_blocked	True	0	2	2
rg01_theta12p490_foil0	309517	geometry_blocked	False	0	0	0
rg01_theta12p490_foil0	311083	geometry_blocked	True	0	2	2
rg01_theta12p490_foil0	313257	geometry_blocked	False	0	0	0
rg01_theta12p490_foil0	314949	geometry_blocked	False	0	0	0
rg01_theta12p490_foil0	317385	geometry_blocked	False	0	0	0
rg01_theta12p490_foil0	318977	geometry_blocked	False	0	0	0
rg01_theta12p490_foil0	322705	geometry_blocked	False	0	0	0
rg01_theta12p490_foil0	323735	geometry_blocked	True	0	2	2
rg01_theta12p490_foil0	326777	geometry_blocked	False	0	0	0
rg01_theta12p490_foil0	326987	geometry_blocked	False	0	0	0
rg01_theta12p490_foil0	328729	geometry_blocked	True	0	2	2
rg01_theta12p490_foil0	329801	geometry_blocked	False	0	0	0
rg01_theta12p490_foil0	329862	geometry_blocked	False	0	0	0
rg01_theta12p490_foil0	334236	geometry_blocked	False	0	0	0
rg01_theta12p490_foil0	336811	geometry_blocked	True	0	2	2
rg01_theta12p490_foil0	339195	geometry_blocked	False	0	0	0
rg01_theta12p490_foil0	340422	geometry_blocked	False	0	0	0
rg01_theta12p490_foil0	340834	geometry_blocked	False	0	0	0
rg01_theta12p490_foil0	341394	geometry_blocked	False	0	0	0
rg01_theta12p490_foil0	343270	geometry_blocked	False	0	0	0
rg01_theta12p490_foil0	345436	geometry_blocked	False	0	0	0
rg01_theta12p490_foil0	348877	geometry_blocked	False	0	0	0
rg01_theta12p490_foil0	349005	geometry_blocked	False	0	0	0
rg01_theta12p490_foil0	349273	geometry_blocked	False	0	0	0
rg01_theta12p490_foil0	352797	geometry_blocked	False	0	0	0
rg01_theta12p490_foil0	354833	geometry_blocked	False	0	0	0
rg01_theta12p490_foil0	354910	geometry_blocked	False	0	0	0
rg01_theta12p490_foil0	355023	geometry_blocked	False	0	0	0
rg01_theta12p490_foil0	355707	geometry_blocked	False	0	0	0
rg01_theta12p490_foil0	356505	geometry_blocked	False	0	0	0
rg01_theta12p490_foil0	356507	geometry_blocked	False	0	0	0
rg01_theta12p490_foil0	356862	geometry_blocked	True	0	2	2
rg01_theta12p490_foil0	356864	geometry_blocked	True	0	2	2
rg01_theta12p490_foil0	358283	geometry_blocked	False	0	0	0
rg01_theta12p490_foil0	362522	geometry_blocked	True	0	2	2
rg01_theta12p490_foil0	363025	geometry_blocked	False	0	0	0
rg01_theta12p490_foil0	363496	geometry_blocked	False	0	0	0
rg01_theta12p490_foil0	364903	geometry_blocked	False	0	0	0
rg01_theta12p490_foil0	365491	geometry_blocked	False	0	0	0
rg01_theta12p490_foil0	366351	geometry_blocked	False	0	0	0
rg01_theta12p490_foil0	370360	geometry_blocked	False	0	0	0
rg01_theta12p490_foil0	371198	geometry_blocked	False	0	0	0
rg01_theta12p490_foil0	377221	geometry_blocked	True	0	2	2
rg01_theta12p490_foil0	377522	geometry_blocked	True	0	2	2
rg01_theta12p490_foil0	377868	geometry_blocked	False	0	0	0
rg01_theta12p490_foil0	378301	geometry_blocked	False	0	0	0
rg01_theta12p490_foil0	379967	geometry_blocked	False	0	0	0
rg01_theta12p490_foil0	381777	geometry_blocked	True	0	2	2
rg01_theta12p490_foil0	383189	geometry_blocked	False	0	0	0
rg01_theta12p490_foil0	384664	geometry_blocked	False	0	0	0
rg01_theta12p490_foil0	385506	geometry_blocked	False	0	0	0
rg01_theta12p490_foil0	390079	geometry_blocked	False	0	0	0
rg01_theta12p490_foil0	395860	geometry_blocked	True	0	2	2
rg01_theta12p490_foil0	396498	geometry_blocked	False	0	0	0
rg01_theta12p490_foil0	398959	geometry_blocked	False	0	0	0
rg01_theta12p490_foil0	409963	geometry_blocked	False	0	0	0
rg01_theta12p490_foil0	412171	geometry_blocked	False	0	0	0
rg01_theta12p490_foil0	418756	geometry_blocked	False	0	0	0
rg01_theta12p490_foil0	419578	geometry_blocked	False	0	0	0
rg01_theta12p490_foil0	423601	geometry_blocked	True	0	2	2
rg01_theta12p490_foil0	423793	geometry_blocked	False	0	0	0
rg01_theta12p490_foil0	426108	geometry_blocked	True	0	2	2
rg01_theta12p490_foil0	427367	geometry_blocked	False	0	0	0
rg01_theta12p490_foil0	433015	geometry_blocked	False	0	0	0
rg01_theta12p490_foil0	441104	geometry_blocked	False	0	0	0
rg01_theta12p490_foil0	442177	geometry_blocked	False	0	0	0
rg01_theta12p490_foil0	444349	geometry_blocked	False	0	0	0
rg01_theta12p490_foil0	446182	geometry_blocked	False	0	0	0
rg01_theta12p490_foil0	448207	geometry_blocked	True	0	2	2
rg01_theta12p490_foil0	448562	geometry_blocked	False	0	0	0
rg01_theta12p490_foil0	448802	geometry_blocked	False	0	0	0
rg01_theta12p490_foil0	448905	geometry_blocked	False	0	0	0
rg01_theta12p490_foil0	452305	geometry_blocked	False	0	0	0
rg01_theta12p490_foil0	460064	geometry_blocked	True	0	2	2
rg01_theta12p490_foil0	463782	geometry_blocked	False	0	0	0
rg01_theta12p490_foil0	464722	geometry_blocked	False	0	0	0
rg01_theta12p490_foil0	466949	geometry_blocked	True	0	2	2
rg01_theta12p490_foil0	468257	geometry_blocked	False	0	0	0
rg01_theta12p490_foil0	468990	geometry_blocked	False	0	0	0
rg01_theta12p490_foil0	473570	geometry_blocked	False	0	0	0
rg01_theta12p490_foil0	476208	geometry_blocked	False	0	0	0
rg01_theta12p490_foil0	478302	geometry_blocked	True	0	2	2
rg01_theta12p490_foil0	478406	geometry_blocked	True	0	2	2
rg01_theta12p490_foil0	483012	geometry_blocked	False	0	0	0
rg01_theta12p490_foil0	486181	geometry_blocked	False	0	0	0
rg01_theta12p490_foil0	488560	geometry_blocked	False	0	0	0
rg01_theta12p490_foil0	493981	geometry_blocked	False	0	0	0
rg01_theta12p490_foil0	497645	geometry_blocked	True	0	2	2
rg01_theta12p490_foil0	498310	geometry_blocked	False	0	0	0
rg01_theta12p490_foil0	499511	geometry_blocked	False	0	0	0
rg01_theta12p490_foil0	502280	geometry_blocked	False	0	0	0
rg01_theta12p490_foil0	502523	geometry_blocked	False	0	0	0
rg01_theta12p490_foil0	504399	geometry_blocked	False	0	0	0
rg01_theta12p490_foil0	507608	geometry_blocked	True	0	2	2
rg01_theta12p490_foil0	522219	geometry_blocked	False	0	0	0
rg01_theta12p490_foil0	523858	geometry_blocked	False	0	0	0
rg01_theta12p490_foil0	525552	geometry_blocked	False	0	0	0
rg01_theta12p490_foil0	526613	geometry_blocked	False	0	0	0
rg01_theta12p490_foil0	529903	geometry_blocked	False	0	0	0
rg01_theta12p490_foil0	530516	geometry_blocked	False	0	0	0
rg01_theta12p490_foil0	531370	geometry_blocked	False	0	0	0
rg01_theta12p490_foil0	531657	geometry_blocked	False	0	0	0
rg01_theta12p490_foil0	536067	geometry_blocked	False	0	0	0
rg01_theta12p490_foil0	540521	geometry_blocked	False	0	0	0
rg01_theta12p490_foil0	541794	geometry_blocked	True	0	2	2
rg01_theta12p490_foil0	545536	geometry_blocked	False	0	0	0
rg01_theta12p490_foil0	546052	geometry_blocked	True	0	2	2
rg01_theta12p490_foil0	550808	geometry_blocked	False	0	0	0
rg01_theta12p490_foil0	556448	geometry_blocked	False	0	0	0
rg01_theta12p490_foil0	558349	geometry_blocked	True	0	2	2
rg01_theta12p490_foil0	567543	geometry_blocked	False	0	0	0
rg01_theta12p490_foil0	568324	geometry_blocked	False	0	0	0
rg01_theta12p490_foil0	570766	geometry_blocked	False	0	0	0
rg01_theta12p490_foil0	571668	geometry_blocked	False	0	0	0
rg01_theta12p490_foil0	573848	geometry_blocked	False	0	0	0
rg01_theta12p490_foil0	586656	geometry_blocked	False	0	0	0
rg01_theta12p490_foil0	589044	geometry_blocked	False	0	0	0
rg01_theta12p490_foil0	589685	geometry_blocked	False	0	0	0
rg01_theta12p490_foil0	591061	geometry_blocked	False	0	0	0
rg01_theta12p490_foil0	594207	geometry_blocked	True	0	2	2
rg01_theta12p490_foil0	595292	geometry_blocked	False	0	0	0
rg01_theta12p490_foil0	597276	geometry_blocked	False	0	0	0
rg01_theta12p490_foil0	597796	geometry_blocked	True	0	2	2
rg01_theta12p490_foil0	599927	geometry_blocked	False	0	0	0
rg01_theta12p490_foil0	603400	geometry_blocked	False	0	0	0
rg01_theta12p490_foil0	605069	geometry_blocked	False	0	0	0
rg01_theta12p490_foil0	606159	geometry_blocked	False	0	0	0
rg01_theta12p490_foil0	611082	geometry_blocked	True	0	2	2
rg01_theta12p490_foil0	612790	geometry_blocked	False	0	0	0
rg01_theta12p490_foil0	619987	geometry_blocked	True	0	2	2
rg01_theta12p490_foil0	624905	geometry_blocked	False	0	0	0
rg01_theta12p490_foil0	626700	geometry_blocked	False	0	0	0
rg01_theta12p490_foil0	627470	geometry_blocked	False	0	0	0
rg01_theta12p490_foil0	628052	geometry_blocked	False	0	0	0
rg01_theta12p490_foil0	628345	geometry_blocked	False	0	0	0
rg01_theta12p490_foil0	629244	geometry_blocked	False	0	0	0
rg01_theta12p490_foil0	630060	geometry_blocked	False	0	0	0
rg01_theta12p490_foil0	633096	geometry_blocked	True	0	2	2
rg01_theta12p490_foil0	639500	geometry_blocked	False	0	0	0
rg01_theta12p490_foil0	641212	geometry_blocked	False	0	0	0
rg01_theta12p490_foil0	642176	geometry_blocked	False	0	0	0
rg01_theta12p490_foil0	644664	geometry_blocked	False	0	0	0
rg01_theta12p490_foil0	647269	geometry_blocked	True	0	2	2
rg01_theta12p490_foil0	651138	geometry_blocked	False	0	0	0
rg01_theta12p490_foil0	651741	geometry_blocked	False	0	0	0
rg01_theta12p490_foil0	651988	geometry_blocked	True	0	2	2
rg01_theta12p490_foil0	652064	geometry_blocked	False	0	0	0
rg01_theta12p490_foil0	652287	geometry_blocked	False	0	0	0
rg01_theta12p490_foil0	653222	geometry_blocked	True	0	2	2
rg01_theta12p490_foil0	655990	geometry_blocked	False	0	0	0
rg01_theta12p490_foil0	658505	geometry_blocked	False	0	0	0
rg01_theta12p490_foil0	669451	geometry_blocked	False	0	0	0
rg01_theta12p490_foil0	670951	geometry_blocked	False	0	0	0
rg01_theta12p490_foil0	672086	geometry_blocked	True	0	2	2
rg01_theta12p490_foil0	680665	geometry_blocked	False	0	0	0
rg01_theta12p490_foil0	682712	geometry_blocked	False	0	0	0
rg01_theta12p490_foil0	687623	geometry_blocked	False	0	0	0
rg01_theta12p490_foil0	690732	geometry_blocked	False	0	0	0
rg01_theta12p490_foil0	691326	geometry_blocked	False	0	0	0
rg01_theta12p490_foil0	693000	geometry_blocked	False	0	0	0
rg01_theta12p490_foil0	694421	geometry_blocked	False	0	0	0
rg01_theta12p490_foil0	695182	geometry_blocked	False	0	0	0
rg01_theta12p490_foil0	709475	geometry_blocked	False	0	0	0
rg01_theta12p490_foil0	711998	geometry_blocked	False	0	0	0
rg01_theta12p490_foil0	712400	geometry_blocked	False	0	0	0
rg01_theta12p490_foil0	713543	geometry_blocked	False	0	0	0
rg01_theta12p490_foil0	717578	geometry_blocked	False	0	0	0
rg01_theta12p490_foil0	720974	geometry_blocked	False	0	0	0
rg01_theta12p490_foil0	725475	geometry_blocked	False	0	0	0
rg01_theta12p490_foil0	730990	geometry_blocked	True	0	2	2
rg01_theta12p490_foil0	733660	geometry_blocked	False	0	0	0
rg01_theta12p490_foil0	734293	geometry_blocked	False	0	0	0
rg01_theta12p490_foil0	736108	geometry_blocked	False	0	0	0
rg01_theta12p490_foil0	737115	geometry_blocked	False	0	0	0
rg01_theta12p490_foil0	738196	geometry_blocked	False	0	0	0
rg01_theta12p490_foil0	738426	geometry_blocked	False	0	0	0
rg01_theta12p490_foil0	740298	geometry_blocked	False	0	0	0
rg01_theta12p490_foil0	740688	geometry_blocked	True	0	2	2
rg01_theta12p490_foil0	741235	geometry_blocked	True	0	2	2
rg01_theta12p490_foil0	743373	geometry_blocked	True	0	2	2
rg01_theta12p490_foil0	748601	geometry_blocked	False	0	0	0
rg01_theta12p490_foil0	751169	geometry_blocked	False	0	0	0
rg01_theta12p490_foil0	762256	geometry_blocked	False	0	0	0
rg01_theta12p490_foil0	762669	geometry_blocked	False	0	0	0
rg01_theta12p490_foil0	762678	geometry_blocked	False	0	0	0
rg01_theta12p490_foil0	764051	geometry_blocked	False	0	0	0
rg01_theta12p490_foil0	764629	geometry_blocked	False	0	0	0
rg01_theta12p490_foil0	767617	geometry_blocked	False	0	0	0
rg01_theta12p490_foil0	771615	geometry_blocked	True	0	2	2
rg01_theta12p490_foil0	771932	geometry_blocked	False	0	0	0
rg01_theta12p490_foil0	772241	geometry_blocked	False	0	0	0
rg01_theta12p490_foil0	776620	geometry_blocked	True	0	2	2
rg01_theta12p490_foil0	779342	geometry_blocked	False	0	0	0
rg01_theta12p490_foil0	779890	geometry_blocked	True	0	2	2
rg01_theta12p490_foil0	780187	geometry_blocked	True	0	2	2
rg01_theta12p490_foil0	783180	geometry_blocked	True	0	2	2
rg01_theta12p490_foil0	783833	geometry_blocked	False	0	0	0
rg01_theta12p490_foil0	784831	geometry_blocked	True	0	2	2
rg01_theta12p490_foil0	787403	geometry_blocked	False	0	0	0
rg01_theta12p490_foil0	788868	geometry_blocked	False	0	0	0
rg01_theta12p490_foil0	792143	geometry_blocked	False	0	0	0
rg01_theta12p490_foil0	800386	geometry_blocked	False	0	0	0
rg01_theta12p490_foil0	801046	geometry_blocked	False	0	0	0
rg01_theta12p490_foil0	803456	geometry_blocked	False	0	0	0
rg01_theta12p490_foil0	804425	geometry_blocked	True	0	2	2
rg01_theta12p490_foil0	804764	geometry_blocked	False	0	0	0
rg01_theta12p490_foil0	805250	geometry_blocked	False	0	0	0
rg01_theta12p490_foil0	805478	geometry_blocked	False	0	0	0
rg01_theta12p490_foil0	808747	geometry_blocked	False	0	0	0
rg01_theta12p490_foil0	809459	geometry_blocked	False	0	0	0
rg01_theta12p490_foil0	809613	geometry_blocked	False	0	0	0
rg01_theta12p490_foil0	814293	geometry_blocked	False	0	0	0
rg01_theta12p490_foil0	817011	geometry_blocked	False	0	0	0
rg01_theta12p490_foil0	820809	geometry_blocked	True	0	2	2
rg01_theta12p490_foil0	820996	geometry_blocked	False	0	0	0
rg01_theta12p490_foil0	821030	geometry_blocked	False	0	0	0
rg01_theta12p490_foil0	821380	geometry_blocked	False	0	0	0
rg01_theta12p490_foil0	821442	geometry_blocked	False	0	0	0
rg01_theta12p490_foil0	822701	geometry_blocked	False	0	0	0
rg01_theta12p490_foil0	823427	geometry_blocked	False	0	0	0
rg01_theta12p490_foil0	824058	geometry_blocked	False	0	0	0
rg01_theta12p490_foil0	826171	geometry_blocked	True	0	2	2
rg01_theta12p490_foil0	827916	geometry_blocked	False	0	0	0
rg01_theta12p490_foil0	834415	geometry_blocked	False	0	0	0
rg01_theta12p490_foil0	842577	geometry_blocked	False	0	0	0
rg01_theta12p490_foil0	842944	geometry_blocked	False	0	0	0
rg01_theta12p490_foil0	843240	geometry_blocked	False	0	0	0
rg01_theta12p490_foil0	843915	geometry_blocked	False	0	0	0
rg01_theta12p490_foil0	860868	geometry_blocked	False	0	0	0
rg01_theta12p490_foil0	874171	geometry_blocked	False	0	0	0
rg01_theta12p490_foil0	874425	geometry_blocked	False	0	0	0
rg01_theta12p490_foil0	876485	geometry_blocked	False	0	0	0
rg01_theta12p490_foil0	876593	geometry_blocked	True	0	2	2
rg01_theta12p490_foil0	878005	geometry_blocked	True	0	2	2
rg01_theta12p490_foil0	879164	geometry_blocked	False	0	0	0
rg01_theta12p490_foil0	879578	geometry_blocked	True	0	2	2
rg01_theta12p490_foil0	880434	geometry_blocked	False	0	0	0
rg01_theta12p490_foil0	882680	geometry_blocked	False	0	0	0
rg01_theta12p490_foil0	891303	geometry_blocked	False	0	0	0
rg01_theta12p490_foil0	892116	geometry_blocked	False	0	0	0
rg01_theta12p490_foil0	892507	geometry_blocked	False	0	0	0
rg01_theta12p490_foil0	894047	geometry_blocked	False	0	0	0
rg01_theta12p490_foil0	900160	geometry_blocked	False	0	0	0
rg01_theta12p490_foil0	904387	geometry_blocked	False	0	0	0
rg01_theta12p490_foil0	912655	geometry_blocked	True	0	2	2
rg01_theta12p490_foil0	915121	geometry_blocked	False	0	0	0
rg01_theta12p490_foil0	915704	geometry_blocked	False	0	0	0
rg01_theta12p490_foil0	915746	geometry_blocked	True	0	2	2
rg01_theta12p490_foil0	917168	geometry_blocked	False	0	0	0
rg01_theta12p490_foil0	922916	geometry_blocked	False	0	0	0
rg01_theta12p490_foil0	931112	geometry_blocked	False	0	0	0
rg01_theta12p490_foil0	931375	geometry_blocked	True	0	2	2
rg01_theta12p490_foil0	932311	geometry_blocked	False	0	0	0
rg01_theta12p490_foil0	934540	geometry_blocked	False	0	0	0
rg01_theta12p490_foil0	942689	geometry_blocked	False	0	0	0
rg01_theta12p490_foil0	947148	geometry_blocked	True	0	2	2
rg01_theta12p490_foil0	948170	geometry_blocked	False	0	0	0
rg01_theta12p490_foil0	955685	geometry_blocked	True	0	2	2
rg01_theta12p490_foil0	958155	geometry_blocked	True	0	2	2
rg01_theta12p490_foil0	960040	geometry_blocked	False	0	0	0
rg01_theta12p490_foil0	962131	geometry_blocked	False	0	0	0
rg01_theta12p490_foil0	963590	geometry_blocked	False	0	0	0
rg01_theta12p490_foil0	963854	geometry_blocked	False	0	0	0
rg01_theta12p490_foil0	965651	geometry_blocked	False	0	0	0
rg01_theta12p490_foil0	977933	geometry_blocked	True	0	2	2
rg01_theta12p490_foil0	980419	geometry_blocked	True	0	2	2
rg01_theta12p490_foil0	980791	geometry_blocked	False	0	0	0
rg01_theta12p490_foil0	982010	geometry_blocked	False	0	0	0
rg01_theta12p490_foil0	983943	geometry_blocked	False	0	0	0
rg01_theta12p490_foil0	992173	geometry_blocked	False	0	0	0
rg01_theta12p490_foil0	993427	geometry_blocked	False	0	0	0
rg01_theta12p490_foil0	994257	geometry_blocked	True	0	2	2
rg01_theta12p490_foil0	995511	geometry_blocked	False	0	0	0
rg01_theta12p490_foil0	997360	geometry_blocked	True	0	2	2
rg01_theta12p490_foil0	998176	geometry_blocked	True	0	2	2
rg01_theta12p490_foil0	1003491	geometry_blocked	False	0	0	0
rg01_theta12p490_foil0	1006673	geometry_blocked	False	0	0	0
rg01_theta12p490_foil0	1007646	geometry_blocked	False	0	0	0
rg01_theta12p490_foil0	1007660	geometry_blocked	False	0	0	0
rg01_theta12p490_foil0	1008059	geometry_blocked	False	0	0	0
rg01_theta12p490_foil0	1009193	geometry_blocked	False	0	0	0
rg01_theta12p490_foil0	1011267	geometry_blocked	False	0	0	0
rg02_theta15p195_foil0	9278	geometry_blocked	False	0	0	0
rg02_theta15p195_foil0	9712	geometry_blocked	True	0	2	2
rg02_theta15p195_foil0	13136	geometry_blocked	False	0	0	0
rg02_theta15p195_foil0	14387	geometry_blocked	False	0	0	0
rg02_theta15p195_foil0	16658	geometry_blocked	False	0	0	0
rg02_theta15p195_foil0	16777	geometry_blocked	False	0	0	0
rg02_theta15p195_foil0	32231	geometry_blocked	False	0	0	0
rg02_theta15p195_foil0	34545	geometry_blocked	False	0	0	0
rg02_theta15p195_foil0	39882	geometry_blocked	False	0	0	0
rg02_theta15p195_foil0	42428	geometry_blocked	False	0	0	0
rg02_theta15p195_foil0	43423	geometry_blocked	False	0	0	0
rg02_theta15p195_foil0	46683	geometry_blocked	False	0	0	0
rg02_theta15p195_foil0	47060	geometry_blocked	False	0	0	0
rg02_theta15p195_foil0	49633	geometry_blocked	True	0	2	2
rg02_theta15p195_foil0	55545	geometry_blocked	False	0	0	0
rg02_theta15p195_foil0	61732	geometry_blocked	False	0	0	0
rg02_theta15p195_foil0	62814	geometry_blocked	True	0	2	2
rg02_theta15p195_foil0	65411	geometry_blocked	False	0	0	0
rg02_theta15p195_foil0	68765	geometry_blocked	True	0	2	2
rg02_theta15p195_foil0	69483	geometry_blocked	True	0	2	2
rg02_theta15p195_foil0	82219	geometry_blocked	False	0	0	0
rg02_theta15p195_foil0	83466	geometry_blocked	True	0	2	2
rg02_theta15p195_foil0	97906	geometry_blocked	False	0	0	0
rg02_theta15p195_foil0	98530	geometry_blocked	True	0	2	2
rg02_theta15p195_foil0	103359	geometry_blocked	True	0	2	2
rg02_theta15p195_foil0	124717	geometry_blocked	True	0	2	2
rg02_theta15p195_foil0	127813	geometry_blocked	True	0	2	2
rg02_theta15p195_foil0	165746	geometry_blocked	False	0	0	0
rg02_theta15p195_foil0	196423	geometry_blocked	False	0	0	0
rg02_theta15p195_foil0	197909	geometry_blocked	False	0	0	0
rg02_theta15p195_foil0	227316	geometry_blocked	False	0	0	0
rg02_theta15p195_foil0	232484	geometry_blocked	False	0	0	0
rg02_theta15p195_foil0	233920	geometry_blocked	False	0	0	0
rg02_theta15p195_foil0	237716	geometry_blocked	False	0	0	0
rg02_theta15p195_foil0	252745	geometry_blocked	False	0	0	0
rg03_theta12p490_foilpm8	5723	geometry_blocked	False	0	0	0
rg03_theta12p490_foilpm8	8872	geometry_blocked	False	0	0	0
rg03_theta12p490_foilpm8	12769	geometry_blocked	False	0	0	0
rg03_theta12p490_foilpm8	21227	geometry_blocked	False	0	0	0
rg03_theta12p490_foilpm8	22176	geometry_blocked	False	0	0	0
rg03_theta12p490_foilpm8	25111	geometry_blocked	False	0	0	0
rg03_theta12p490_foilpm8	25461	geometry_blocked	False	0	0	0
rg03_theta12p490_foilpm8	31689	geometry_blocked	False	0	0	0
rg03_theta12p490_foilpm8	31903	geometry_blocked	False	0	0	0
rg03_theta12p490_foilpm8	35271	geometry_blocked	False	0	0	0
rg03_theta12p490_foilpm8	36947	geometry_blocked	True	0	2	2
rg03_theta12p490_foilpm8	47916	geometry_blocked	False	0	0	0
rg03_theta12p490_foilpm8	48129	geometry_blocked	False	0	0	0
rg03_theta12p490_foilpm8	50024	geometry_blocked	False	0	0	0
rg03_theta12p490_foilpm8	50229	geometry_blocked	False	0	0	0
rg03_theta12p490_foilpm8	50290	geometry_blocked	False	0	0	0
rg03_theta12p490_foilpm8	54645	geometry_blocked	False	0	0	0
rg03_theta12p490_foilpm8	57061	geometry_blocked	False	0	0	0
rg03_theta12p490_foilpm8	64021	geometry_blocked	False	0	0	0
rg03_theta12p490_foilpm8	66380	geometry_blocked	False	0	0	0
rg03_theta12p490_foilpm8	67577	geometry_blocked	False	0	0	0
rg03_theta12p490_foilpm8	69070	geometry_blocked	False	0	0	0
rg03_theta12p490_foilpm8	71802	geometry_blocked	False	0	0	0
rg03_theta12p490_foilpm8	72743	geometry_blocked	False	0	0	0
rg03_theta12p490_foilpm8	75187	geometry_blocked	False	0	0	0
rg03_theta12p490_foilpm8	79404	geometry_blocked	False	0	0	0
rg03_theta12p490_foilpm8	80339	geometry_blocked	False	0	0	0
rg03_theta12p490_foilpm8	81723	geometry_blocked	False	0	0	0
rg03_theta12p490_foilpm8	82589	geometry_blocked	True	0	2	2
rg03_theta12p490_foilpm8	83691	geometry_blocked	False	0	0	0
rg03_theta12p490_foilpm8	85274	geometry_blocked	False	0	0	0
rg03_theta12p490_foilpm8	89101	geometry_blocked	False	0	0	0
rg03_theta12p490_foilpm8	89393	geometry_blocked	False	0	0	0
rg03_theta12p490_foilpm8	89481	geometry_blocked	False	0	0	0
rg03_theta12p490_foilpm8	90100	geometry_blocked	False	0	0	0
rg03_theta12p490_foilpm8	94475	geometry_blocked	False	0	0	0
rg03_theta12p490_foilpm8	96197	geometry_blocked	False	0	0	0
rg03_theta12p490_foilpm8	96521	geometry_blocked	False	0	0	0
rg03_theta12p490_foilpm8	97788	geometry_blocked	False	0	0	0
rg03_theta12p490_foilpm8	99008	geometry_blocked	False	0	0	0
rg03_theta12p490_foilpm8	101660	geometry_blocked	True	0	2	2
rg03_theta12p490_foilpm8	101876	geometry_blocked	False	0	0	0
rg03_theta12p490_foilpm8	102619	geometry_blocked	False	0	0	0
rg03_theta12p490_foilpm8	104491	geometry_blocked	True	0	2	2
rg03_theta12p490_foilpm8	112921	geometry_blocked	False	0	0	0
rg03_theta12p490_foilpm8	113405	geometry_blocked	True	0	2	2
rg03_theta12p490_foilpm8	117087	geometry_blocked	False	0	0	0
rg03_theta12p490_foilpm8	117286	geometry_blocked	False	0	0	0
rg03_theta12p490_foilpm8	125397	geometry_blocked	False	0	0	0
rg03_theta12p490_foilpm8	125600	geometry_blocked	True	0	2	2
rg03_theta12p490_foilpm8	126779	geometry_blocked	False	0	0	0
rg03_theta12p490_foilpm8	128137	geometry_blocked	False	0	0	0
rg03_theta12p490_foilpm8	133340	geometry_blocked	True	0	2	2
rg03_theta12p490_foilpm8	137466	geometry_blocked	False	0	0	0
rg03_theta12p490_foilpm8	137473	geometry_blocked	True	0	2	2
rg03_theta12p490_foilpm8	142135	geometry_blocked	True	0	2	2
rg03_theta12p490_foilpm8	142393	geometry_blocked	False	0	0	0
rg03_theta12p490_foilpm8	142991	geometry_blocked	False	0	0	0
rg03_theta12p490_foilpm8	148105	geometry_blocked	False	0	0	0
rg03_theta12p490_foilpm8	148868	geometry_blocked	False	0	0	0
rg03_theta12p490_foilpm8	149752	geometry_blocked	True	0	2	2
rg03_theta12p490_foilpm8	150485	geometry_blocked	True	0	2	2
rg03_theta12p490_foilpm8	153167	geometry_blocked	False	0	0	0
rg03_theta12p490_foilpm8	153415	geometry_blocked	False	0	0	0
rg03_theta12p490_foilpm8	153735	geometry_blocked	False	0	0	0
rg03_theta12p490_foilpm8	154541	geometry_blocked	False	0	0	0
rg03_theta12p490_foilpm8	157901	geometry_blocked	False	0	0	0
rg03_theta12p490_foilpm8	161013	geometry_blocked	False	0	0	0
rg03_theta12p490_foilpm8	163266	geometry_blocked	False	0	0	0
rg03_theta12p490_foilpm8	165865	geometry_blocked	True	0	2	2
rg03_theta12p490_foilpm8	165967	geometry_blocked	True	0	2	2
rg03_theta12p490_foilpm8	167060	geometry_blocked	False	0	0	0
rg03_theta12p490_foilpm8	167158	geometry_blocked	True	0	2	2
rg03_theta12p490_foilpm8	168141	geometry_blocked	False	0	0	0
rg03_theta12p490_foilpm8	172301	geometry_blocked	True	0	2	2
rg03_theta12p490_foilpm8	176288	geometry_blocked	True	0	2	2
rg03_theta12p490_foilpm8	177365	geometry_blocked	False	0	0	0
rg03_theta12p490_foilpm8	182295	geometry_blocked	False	0	0	0
rg03_theta12p490_foilpm8	184553	geometry_blocked	False	0	0	0
rg03_theta12p490_foilpm8	187025	geometry_blocked	False	0	0	0
rg03_theta12p490_foilpm8	189024	geometry_blocked	True	0	2	2
rg03_theta12p490_foilpm8	190667	geometry_blocked	False	0	0	0
rg03_theta12p490_foilpm8	193681	geometry_blocked	True	0	2	2
rg03_theta12p490_foilpm8	201097	geometry_blocked	True	0	2	2
rg03_theta12p490_foilpm8	202407	geometry_blocked	False	0	0	0
rg03_theta12p490_foilpm8	208795	geometry_blocked	False	0	0	0
rg03_theta12p490_foilpm8	212983	geometry_blocked	True	0	2	2
rg03_theta12p490_foilpm8	215604	geometry_blocked	False	0	0	0
rg03_theta12p490_foilpm8	216827	geometry_blocked	True	0	2	2
rg03_theta12p490_foilpm8	219143	geometry_blocked	False	0	0	0
rg03_theta12p490_foilpm8	220063	geometry_blocked	False	0	0	0
rg03_theta12p490_foilpm8	223285	geometry_blocked	False	0	0	0
rg03_theta12p490_foilpm8	225643	geometry_blocked	False	0	0	0
rg03_theta12p490_foilpm8	227601	geometry_blocked	False	0	0	0
rg03_theta12p490_foilpm8	228226	geometry_blocked	True	0	2	2
rg03_theta12p490_foilpm8	234790	geometry_blocked	False	0	0	0
rg03_theta12p490_foilpm8	235088	geometry_blocked	False	0	0	0
rg03_theta12p490_foilpm8	235415	geometry_blocked	False	0	0	0
rg03_theta12p490_foilpm8	238160	geometry_blocked	False	0	0	0
rg03_theta12p490_foilpm8	241809	geometry_blocked	False	0	0	0
rg03_theta12p490_foilpm8	243487	geometry_blocked	False	0	0	0
rg03_theta12p490_foilpm8	245562	geometry_blocked	True	0	2	2
rg03_theta12p490_foilpm8	246587	geometry_blocked	False	0	0	0
rg03_theta12p490_foilpm8	265824	geometry_blocked	False	0	0	0
rg03_theta12p490_foilpm8	272904	geometry_blocked	False	0	0	0
rg03_theta12p490_foilpm8	273533	geometry_blocked	False	0	0	0
rg03_theta12p490_foilpm8	275839	geometry_blocked	False	0	0	0
rg03_theta12p490_foilpm8	277482	geometry_blocked	False	0	0	0
rg03_theta12p490_foilpm8	277655	geometry_blocked	True	0	2	2
rg03_theta12p490_foilpm8	278081	geometry_blocked	False	0	0	0
rg03_theta12p490_foilpm8	278476	geometry_blocked	True	0	2	2
rg03_theta12p490_foilpm8	279264	geometry_blocked	False	0	0	0
rg03_theta12p490_foilpm8	280928	geometry_blocked	False	0	0	0
rg03_theta12p490_foilpm8	288411	geometry_blocked	True	0	2	2
rg03_theta12p490_foilpm8	293499	geometry_blocked	False	0	0	0
rg03_theta12p490_foilpm8	293556	geometry_blocked	False	0	0	0
rg03_theta12p490_foilpm8	295590	geometry_blocked	True	0	2	2
rg03_theta12p490_foilpm8	296341	geometry_blocked	False	0	0	0
rg03_theta12p490_foilpm8	298841	geometry_blocked	False	0	0	0
rg03_theta12p490_foilpm8	298877	geometry_blocked	False	0	0	0
rg03_theta12p490_foilpm8	299602	geometry_blocked	True	0	2	2
rg03_theta12p490_foilpm8	300193	geometry_blocked	False	0	0	0
rg03_theta12p490_foilpm8	301366	geometry_blocked	False	0	0	0
rg03_theta12p490_foilpm8	307409	geometry_blocked	False	0	0	0
rg03_theta12p490_foilpm8	311747	geometry_blocked	False	0	0	0
rg03_theta12p490_foilpm8	312456	geometry_blocked	False	0	0	0
rg03_theta12p490_foilpm8	313971	geometry_blocked	False	0	0	0
rg03_theta12p490_foilpm8	315842	geometry_blocked	False	0	0	0
rg03_theta12p490_foilpm8	315925	geometry_blocked	False	0	0	0
rg03_theta12p490_foilpm8	317515	geometry_blocked	False	0	0	0
rg03_theta12p490_foilpm8	329347	geometry_blocked	False	0	0	0
rg03_theta12p490_foilpm8	330097	geometry_blocked	False	0	0	0
rg03_theta12p490_foilpm8	332637	geometry_blocked	False	0	0	0
rg03_theta12p490_foilpm8	342341	geometry_blocked	True	0	2	2
rg03_theta12p490_foilpm8	344192	geometry_blocked	False	0	0	0
rg03_theta12p490_foilpm8	354431	geometry_blocked	False	0	0	0
rg03_theta12p490_foilpm8	355561	geometry_blocked	False	0	0	0
rg03_theta12p490_foilpm8	358853	geometry_blocked	True	0	2	2
rg03_theta12p490_foilpm8	359815	geometry_blocked	False	0	0	0
rg03_theta12p490_foilpm8	367075	geometry_blocked	True	0	2	2
rg03_theta12p490_foilpm8	370546	geometry_blocked	True	0	2	2
rg03_theta12p490_foilpm8	373770	geometry_blocked	False	0	0	0
rg03_theta12p490_foilpm8	375912	geometry_blocked	True	0	2	2
rg03_theta12p490_foilpm8	414220	geometry_blocked	True	0	2	2
rg03_theta12p490_foilpm8	418897	geometry_blocked	False	0	0	0
rg03_theta12p490_foilpm8	425045	geometry_blocked	False	0	0	0
rg03_theta12p490_foilpm8	427225	geometry_blocked	True	0	2	2
rg03_theta12p490_foilpm8	432337	geometry_blocked	False	0	0	0
rg03_theta12p490_foilpm8	435930	geometry_blocked	False	0	0	0
rg03_theta12p490_foilpm8	436396	geometry_blocked	True	0	2	2
rg03_theta12p490_foilpm8	439389	geometry_blocked	False	0	0	0
rg03_theta12p490_foilpm8	441802	geometry_blocked	False	0	0	0
rg03_theta12p490_foilpm8	447053	geometry_blocked	False	0	0	0
rg03_theta12p490_foilpm8	447234	geometry_blocked	False	0	0	0
rg03_theta12p490_foilpm8	450286	geometry_blocked	True	0	2	2
rg03_theta12p490_foilpm8	450386	geometry_blocked	False	0	0	0
rg03_theta12p490_foilpm8	451887	geometry_blocked	False	0	0	0
rg03_theta12p490_foilpm8	454884	geometry_blocked	False	0	0	0
rg03_theta12p490_foilpm8	469584	geometry_blocked	False	0	0	0
rg03_theta12p490_foilpm8	471003	geometry_blocked	False	0	0	0
rg03_theta12p490_foilpm8	476079	geometry_blocked	False	0	0	0
rg03_theta12p490_foilpm8	476650	geometry_blocked	True	0	2	2
rg03_theta12p490_foilpm8	481797	geometry_blocked	False	0	0	0
rg03_theta12p490_foilpm8	482734	geometry_blocked	True	0	2	2
rg03_theta12p490_foilpm8	492360	geometry_blocked	True	0	2	2
rg03_theta12p490_foilpm8	492907	geometry_blocked	False	0	0	0
rg03_theta12p490_foilpm8	495587	geometry_blocked	False	0	0	0
rg03_theta12p490_foilpm8	497336	geometry_blocked	False	0	0	0
rg03_theta12p490_foilpm8	497861	geometry_blocked	True	0	2	2
rg03_theta12p490_foilpm8	502152	geometry_blocked	False	0	0	0
rg03_theta12p490_foilpm8	509961	geometry_blocked	False	0	0	0
rg03_theta12p490_foilpm8	513084	geometry_blocked	True	0	2	2
rg03_theta12p490_foilpm8	517121	geometry_blocked	False	0	0	0
rg03_theta12p490_foilpm8	518596	geometry_blocked	False	0	0	0
rg03_theta12p490_foilpm8	527239	geometry_blocked	False	0	0	0
rg03_theta12p490_foilpm8	533229	geometry_blocked	False	0	0	0
rg03_theta12p490_foilpm8	533325	geometry_blocked	True	0	2	2
rg03_theta12p490_foilpm8	534255	geometry_blocked	False	0	0	0
rg03_theta12p490_foilpm8	538487	geometry_blocked	True	0	2	2
rg03_theta12p490_foilpm8	539038	geometry_blocked	False	0	0	0
rg03_theta12p490_foilpm8	539601	geometry_blocked	False	0	0	0
rg03_theta12p490_foilpm8	540168	geometry_blocked	False	0	0	0
rg03_theta12p490_foilpm8	540229	geometry_blocked	False	0	0	0
rg03_theta12p490_foilpm8	541771	geometry_blocked	False	0	0	0
rg03_theta12p490_foilpm8	546197	geometry_blocked	True	0	2	2
rg03_theta12p490_foilpm8	547673	geometry_blocked	True	0	2	2
rg04_theta15p195_foilpm3	5439	geometry_blocked	False	0	0	0
rg04_theta15p195_foilpm3	8814	geometry_blocked	True	0	2	2
rg04_theta15p195_foilpm3	11767	geometry_blocked	False	0	0	0
rg04_theta15p195_foilpm3	12279	geometry_blocked	False	0	0	0
rg04_theta15p195_foilpm3	14489	geometry_blocked	False	0	0	0
rg04_theta15p195_foilpm3	28362	geometry_blocked	False	0	0	0
rg04_theta15p195_foilpm3	35532	geometry_blocked	True	0	2	2
rg04_theta15p195_foilpm3	52114	geometry_blocked	True	0	2	2
rg04_theta15p195_foilpm3	60366	geometry_blocked	False	0	0	0
rg04_theta15p195_foilpm3	61832	geometry_blocked	True	0	2	2
rg04_theta15p195_foilpm3	69207	geometry_blocked	False	0	0	0
rg04_theta15p195_foilpm3	75405	geometry_blocked	True	0	2	2
rg04_theta15p195_foilpm3	79026	geometry_blocked	True	0	2	2
rg04_theta15p195_foilpm3	80238	geometry_blocked	False	0	0	0
rg04_theta15p195_foilpm3	88061	geometry_blocked	True	0	2	2
rg04_theta15p195_foilpm3	96164	geometry_blocked	False	0	0	0
rg04_theta15p195_foilpm3	104453	geometry_blocked	False	0	0	0
rg04_theta15p195_foilpm3	105864	geometry_blocked	True	0	2	2
rg04_theta15p195_foilpm3	117337	geometry_blocked	False	0	0	0
rg04_theta15p195_foilpm3	122004	geometry_blocked	False	0	0	0
rg04_theta15p195_foilpm3	128878	geometry_blocked	False	0	0	0
rg04_theta15p195_foilpm3	137494	geometry_blocked	False	0	0	0
rg04_theta15p195_foilpm3	139285	geometry_blocked	False	0	0	0
rg04_theta15p195_foilpm3	162453	geometry_blocked	True	0	2	2
rg04_theta15p195_foilpm3	165335	geometry_blocked	True	0	2	2
rg04_theta15p195_foilpm3	195345	geometry_blocked	False	0	0	0
rg04_theta15p195_foilpm3	195716	geometry_blocked	True	0	2	2
rg04_theta15p195_foilpm3	232679	geometry_blocked	True	0	2	2
rg04_theta15p195_foilpm3	233150	geometry_blocked	False	0	0	0
rg04_theta15p195_foilpm3	238230	geometry_blocked	False	0	0	0
rg04_theta15p195_foilpm3	238845	geometry_blocked	True	0	2	2
rg04_theta15p195_foilpm3	246656	geometry_blocked	False	0	0	0
rg04_theta15p195_foilpm3	251137	geometry_blocked	True	0	2	2
rg04_theta15p195_foilpm3	269308	geometry_blocked	False	0	0	0
rg04_theta15p195_foilpm3	272625	geometry_blocked	False	0	0	0
rg04_theta15p195_foilpm3	299853	geometry_blocked	False	0	0	0
rg04_theta15p195_foilpm3	315925	geometry_blocked	False	0	0	0
rg04_theta15p195_foilpm3	319111	geometry_blocked	True	0	2	2
rg04_theta15p195_foilpm3	330581	geometry_blocked	False	0	0	0
rg04_theta15p195_foilpm3	332738	geometry_blocked	False	0	0	0
rg04_theta15p195_foilpm3	332907	geometry_blocked	False	0	0	0
rg05_theta12p495_foilpm3	1783	geometry_blocked	False	0	0	0
rg05_theta12p495_foilpm3	5003	geometry_blocked	False	0	0	0
rg05_theta12p495_foilpm3	6089	geometry_blocked	False	0	0	0
rg05_theta12p495_foilpm3	7807	geometry_blocked	True	0	2	2
rg05_theta12p495_foilpm3	12524	geometry_blocked	False	0	0	0
rg05_theta12p495_foilpm3	14843	geometry_blocked	False	0	0	0
rg05_theta12p495_foilpm3	20610	geometry_blocked	False	0	0	0
rg05_theta12p495_foilpm3	23678	geometry_blocked	False	0	0	0
rg05_theta12p495_foilpm3	25104	geometry_blocked	False	0	0	0
rg05_theta12p495_foilpm3	25169	geometry_blocked	False	0	0	0
rg05_theta12p495_foilpm3	28716	geometry_blocked	False	0	0	0
rg05_theta12p495_foilpm3	31267	geometry_blocked	False	0	0	0
rg05_theta12p495_foilpm3	33789	geometry_blocked	True	0	2	2
rg05_theta12p495_foilpm3	36989	geometry_blocked	True	0	2	2
rg05_theta12p495_foilpm3	37462	geometry_blocked	False	0	0	0
rg05_theta12p495_foilpm3	37773	geometry_blocked	False	0	0	0
rg05_theta12p495_foilpm3	39052	geometry_blocked	False	0	0	0
rg05_theta12p495_foilpm3	40338	geometry_blocked	False	0	0	0
rg05_theta12p495_foilpm3	43534	geometry_blocked	False	0	0	0
rg05_theta12p495_foilpm3	44484	geometry_blocked	False	0	0	0
rg05_theta12p495_foilpm3	47190	geometry_blocked	True	0	2	2
rg05_theta12p495_foilpm3	47505	geometry_blocked	False	0	0	0
rg05_theta12p495_foilpm3	48120	geometry_blocked	False	0	0	0
rg05_theta12p495_foilpm3	50464	geometry_blocked	False	0	0	0
rg05_theta12p495_foilpm3	52714	geometry_blocked	True	0	2	2
rg05_theta12p495_foilpm3	53040	geometry_blocked	False	0	0	0
rg05_theta12p495_foilpm3	59177	geometry_blocked	False	0	0	0
rg05_theta12p495_foilpm3	59226	geometry_blocked	False	0	0	0
rg05_theta12p495_foilpm3	62072	geometry_blocked	True	0	2	2
rg05_theta12p495_foilpm3	62697	geometry_blocked	False	0	0	0
rg05_theta12p495_foilpm3	62805	geometry_blocked	False	0	0	0
rg05_theta12p495_foilpm3	62929	geometry_blocked	False	0	0	0
rg05_theta12p495_foilpm3	66036	geometry_blocked	True	0	2	2
rg05_theta12p495_foilpm3	66585	geometry_blocked	False	0	0	0
rg05_theta12p495_foilpm3	69283	geometry_blocked	False	0	0	0
rg05_theta12p495_foilpm3	71862	geometry_blocked	True	0	2	2
rg05_theta12p495_foilpm3	74990	geometry_blocked	False	0	0	0
rg05_theta12p495_foilpm3	78547	geometry_blocked	False	0	0	0
rg05_theta12p495_foilpm3	78845	geometry_blocked	False	0	0	0
rg05_theta12p495_foilpm3	82618	geometry_blocked	True	0	2	2
rg05_theta12p495_foilpm3	84832	geometry_blocked	False	0	0	0
rg05_theta12p495_foilpm3	88990	geometry_blocked	True	0	2	2
rg05_theta12p495_foilpm3	91036	geometry_blocked	True	0	2	2
rg05_theta12p495_foilpm3	91065	geometry_blocked	False	0	0	0
rg05_theta12p495_foilpm3	91726	geometry_blocked	False	0	0	0
rg05_theta12p495_foilpm3	92309	geometry_blocked	True	0	2	2
rg05_theta12p495_foilpm3	94486	geometry_blocked	False	0	0	0
rg05_theta12p495_foilpm3	96154	geometry_blocked	False	0	0	0
rg05_theta12p495_foilpm3	96577	geometry_blocked	True	0	2	2
rg05_theta12p495_foilpm3	96780	geometry_blocked	False	0	0	0
rg05_theta12p495_foilpm3	98389	geometry_blocked	False	0	0	0
rg05_theta12p495_foilpm3	99929	geometry_blocked	False	0	0	0
rg05_theta12p495_foilpm3	103222	geometry_blocked	False	0	0	0
rg05_theta12p495_foilpm3	103883	geometry_blocked	False	0	0	0
rg05_theta12p495_foilpm3	114141	geometry_blocked	True	0	2	2
rg05_theta12p495_foilpm3	120184	geometry_blocked	False	0	0	0
rg05_theta12p495_foilpm3	122339	geometry_blocked	True	0	2	2
rg05_theta12p495_foilpm3	132174	geometry_blocked	True	0	2	2
rg05_theta12p495_foilpm3	133297	geometry_blocked	False	0	0	0
rg05_theta12p495_foilpm3	135780	geometry_blocked	False	0	0	0
rg05_theta12p495_foilpm3	143993	geometry_blocked	True	0	2	2
rg05_theta12p495_foilpm3	152068	geometry_blocked	True	0	2	2
rg05_theta12p495_foilpm3	153489	geometry_blocked	True	0	2	2
rg05_theta12p495_foilpm3	156011	geometry_blocked	True	0	2	2
rg05_theta12p495_foilpm3	158541	geometry_blocked	False	0	0	0
rg05_theta12p495_foilpm3	160261	geometry_blocked	True	0	2	2
rg05_theta12p495_foilpm3	160362	geometry_blocked	True	0	2	2
rg05_theta12p495_foilpm3	162759	geometry_blocked	False	0	0	0
rg05_theta12p495_foilpm3	166247	geometry_blocked	True	0	2	2
rg05_theta12p495_foilpm3	170908	geometry_blocked	False	0	0	0
rg05_theta12p495_foilpm3	171025	geometry_blocked	False	0	0	0
rg05_theta12p495_foilpm3	176190	geometry_blocked	False	0	0	0
rg05_theta12p495_foilpm3	177103	geometry_blocked	False	0	0	0
rg05_theta12p495_foilpm3	177456	geometry_blocked	True	0	2	2
rg05_theta12p495_foilpm3	180053	geometry_blocked	False	0	0	0
rg05_theta12p495_foilpm3	188845	geometry_blocked	False	0	0	0
rg05_theta12p495_foilpm3	191042	geometry_blocked	False	0	0	0
rg05_theta12p495_foilpm3	197300	geometry_blocked	False	0	0	0
rg05_theta12p495_foilpm3	197799	geometry_blocked	False	0	0	0
rg06_theta15p195_foilpm8	39	geometry_blocked	True	0	2	2
rg06_theta15p195_foilpm8	2248	geometry_blocked	False	0	0	0
rg06_theta15p195_foilpm8	17331	geometry_blocked	False	0	0	0
rg06_theta15p195_foilpm8	20515	geometry_blocked	False	0	0	0
rg06_theta15p195_foilpm8	20592	geometry_blocked	True	0	2	2
rg06_theta15p195_foilpm8	32588	geometry_blocked	True	0	2	2
rg06_theta15p195_foilpm8	54522	geometry_blocked	True	0	2	2
rg06_theta15p195_foilpm8	66564	geometry_blocked	False	0	0	0
rg06_theta15p195_foilpm8	69627	geometry_blocked	False	0	0	0
rg06_theta15p195_foilpm8	72049	geometry_blocked	True	0	2	2
rg06_theta15p195_foilpm8	74059	geometry_blocked	False	0	0	0
rg06_theta15p195_foilpm8	86402	geometry_blocked	True	0	2	2
rg06_theta15p195_foilpm8	86596	geometry_blocked	False	0	0	0
rg06_theta15p195_foilpm8	88511	geometry_blocked	False	0	0	0
rg06_theta15p195_foilpm8	89231	geometry_blocked	False	0	0	0
rg06_theta15p195_foilpm8	90016	geometry_blocked	False	0	0	0
rg06_theta15p195_foilpm8	105593	geometry_blocked	False	0	0	0
rg06_theta15p195_foilpm8	108654	geometry_blocked	False	0	0	0
rg06_theta15p195_foilpm8	126924	geometry_blocked	True	0	2	2
rg06_theta15p195_foilpm8	128918	geometry_blocked	True	0	2	2
rg06_theta15p195_foilpm8	136820	geometry_blocked	False	0	0	0
rg06_theta15p195_foilpm8	158503	geometry_blocked	False	0	0	0
rg06_theta15p195_foilpm8	158727	geometry_blocked	False	0	0	0
rg06_theta15p195_foilpm8	159241	geometry_blocked	False	0	0	0
rg06_theta15p195_foilpm8	161493	geometry_blocked	False	0	0	0
rg06_theta15p195_foilpm8	167788	geometry_blocked	False	0	0	0
rg06_theta15p195_foilpm8	168661	geometry_blocked	True	0	2	2
rg06_theta15p195_foilpm8	169628	geometry_blocked	True	0	2	2
rg06_theta15p195_foilpm8	171340	geometry_blocked	False	0	0	0
rg06_theta15p195_foilpm8	182184	geometry_blocked	False	0	0	0
rg06_theta15p195_foilpm8	195588	geometry_blocked	True	0	2	2
rg06_theta15p195_foilpm8	196157	geometry_blocked	True	0	2	2
rg06_theta15p195_foilpm8	200484	geometry_blocked	True	0	2	2
rg06_theta15p195_foilpm8	211826	geometry_blocked	True	0	2	2
rg06_theta15p195_foilpm8	216344	geometry_blocked	False	0	0	0
rg06_theta15p195_foilpm8	227050	geometry_blocked	False	0	0	0
rg06_theta15p195_foilpm8	230767	geometry_blocked	False	0	0	0
rg06_theta15p195_foilpm8	238411	geometry_blocked	False	0	0	0
rg06_theta15p195_foilpm8	243921	geometry_blocked	False	0	0	0
rg06_theta15p195_foilpm8	253578	geometry_blocked	False	0	0	0
rg06_theta15p195_foilpm8	262903	geometry_blocked	True	0	2	2
rg06_theta15p195_foilpm8	263463	geometry_blocked	False	0	0	0
rg06_theta15p195_foilpm8	266624	geometry_blocked	False	0	0	0
rg06_theta15p195_foilpm8	286023	geometry_blocked	False	0	0	0
rg06_theta15p195_foilpm8	296722	geometry_blocked	False	0	0	0
rg06_theta15p195_foilpm8	312372	geometry_blocked	True	0	2	2
rg06_theta15p195_foilpm8	330767	geometry_blocked	True	0	2	2
rg06_theta15p195_foilpm8	338296	geometry_blocked	False	0	0	0
rg06_theta15p195_foilpm8	343530	geometry_blocked	False	0	0	0
rg06_theta15p195_foilpm8	344809	geometry_blocked	False	0	0	0
rg07_theta12p495_foilpm8	355	geometry_blocked	True	0	2	2
rg07_theta12p495_foilpm8	1417	geometry_blocked	False	0	0	0
rg07_theta12p495_foilpm8	1829	geometry_blocked	True	0	2	2
rg07_theta12p495_foilpm8	5339	geometry_blocked	False	0	0	0
rg07_theta12p495_foilpm8	6652	geometry_blocked	False	0	0	0
rg07_theta12p495_foilpm8	7565	geometry_blocked	False	0	0	0
rg07_theta12p495_foilpm8	9823	geometry_blocked	False	0	0	0
rg07_theta12p495_foilpm8	13170	geometry_blocked	False	0	0	0
rg07_theta12p495_foilpm8	17044	geometry_blocked	False	0	0	0
rg07_theta12p495_foilpm8	18888	geometry_blocked	True	0	2	2
rg07_theta12p495_foilpm8	22350	geometry_blocked	False	0	0	0
rg07_theta12p495_foilpm8	25291	geometry_blocked	False	0	0	0
rg07_theta12p495_foilpm8	28251	geometry_blocked	True	0	2	2
rg07_theta12p495_foilpm8	29698	geometry_blocked	False	0	0	0
rg07_theta12p495_foilpm8	35508	geometry_blocked	False	0	0	0
rg07_theta12p495_foilpm8	36085	geometry_blocked	False	0	0	0
rg07_theta12p495_foilpm8	42324	geometry_blocked	False	0	0	0
rg07_theta12p495_foilpm8	42931	geometry_blocked	True	0	2	2
rg07_theta12p495_foilpm8	44520	geometry_blocked	False	0	0	0
rg07_theta12p495_foilpm8	44862	geometry_blocked	False	0	0	0
rg07_theta12p495_foilpm8	53736	geometry_blocked	True	0	2	2
rg07_theta12p495_foilpm8	55520	geometry_blocked	False	0	0	0
rg07_theta12p495_foilpm8	56269	geometry_blocked	True	0	2	2
rg07_theta12p495_foilpm8	67047	geometry_blocked	False	0	0	0
rg07_theta12p495_foilpm8	69843	geometry_blocked	True	0	2	2
rg07_theta12p495_foilpm8	74822	geometry_blocked	False	0	0	0
rg07_theta12p495_foilpm8	74907	geometry_blocked	False	0	0	0
rg07_theta12p495_foilpm8	77275	geometry_blocked	False	0	0	0
rg07_theta12p495_foilpm8	78084	geometry_blocked	True	0	2	2
rg07_theta12p495_foilpm8	78865	geometry_blocked	True	0	2	2
rg07_theta12p495_foilpm8	79225	geometry_blocked	False	0	0	0
rg07_theta12p495_foilpm8	79305	geometry_blocked	True	0	2	2
rg07_theta12p495_foilpm8	81833	geometry_blocked	False	0	0	0
rg07_theta12p495_foilpm8	83496	geometry_blocked	False	0	0	0
rg07_theta12p495_foilpm8	84273	geometry_blocked	False	0	0	0
rg07_theta12p495_foilpm8	85856	geometry_blocked	False	0	0	0
rg07_theta12p495_foilpm8	86207	geometry_blocked	False	0	0	0
rg07_theta12p495_foilpm8	86485	geometry_blocked	True	0	2	2
rg07_theta12p495_foilpm8	87757	geometry_blocked	True	0	2	2
rg07_theta12p495_foilpm8	88231	geometry_blocked	False	0	0	0
rg07_theta12p495_foilpm8	91706	geometry_blocked	False	0	0	0
rg07_theta12p495_foilpm8	92338	geometry_blocked	False	0	0	0
rg07_theta12p495_foilpm8	93887	geometry_blocked	True	0	2	2
rg07_theta12p495_foilpm8	96167	geometry_blocked	False	0	0	0
rg07_theta12p495_foilpm8	99049	geometry_blocked	False	0	0	0
rg07_theta12p495_foilpm8	100392	geometry_blocked	True	0	2	2
rg07_theta12p495_foilpm8	103270	geometry_blocked	False	0	0	0
rg07_theta12p495_foilpm8	103437	geometry_blocked	False	0	0	0
rg07_theta12p495_foilpm8	103837	geometry_blocked	True	0	2	2
rg07_theta12p495_foilpm8	130385	geometry_blocked	False	0	0	0
rg07_theta12p495_foilpm8	130837	geometry_blocked	False	0	0	0
rg07_theta12p495_foilpm8	130969	geometry_blocked	False	0	0	0
rg07_theta12p495_foilpm8	131661	geometry_blocked	False	0	0	0
rg07_theta12p495_foilpm8	132926	geometry_blocked	True	0	2	2
rg07_theta12p495_foilpm8	137069	geometry_blocked	False	0	0	0
rg07_theta12p495_foilpm8	141912	geometry_blocked	False	0	0	0
rg07_theta12p495_foilpm8	142757	geometry_blocked	False	0	0	0
rg07_theta12p495_foilpm8	144336	geometry_blocked	False	0	0	0
rg07_theta12p495_foilpm8	144723	geometry_blocked	True	0	2	2
rg07_theta12p495_foilpm8	146212	geometry_blocked	False	0	0	0
rg07_theta12p495_foilpm8	148340	geometry_blocked	False	0	0	0
rg07_theta12p495_foilpm8	148969	geometry_blocked	False	0	0	0
rg07_theta12p495_foilpm8	149806	geometry_blocked	True	0	2	2
rg07_theta12p495_foilpm8	151429	geometry_blocked	False	0	0	0
rg07_theta12p495_foilpm8	151677	geometry_blocked	True	0	2	2
rg07_theta12p495_foilpm8	153214	geometry_blocked	False	0	0	0
rg07_theta12p495_foilpm8	154949	geometry_blocked	True	0	2	2
rg07_theta12p495_foilpm8	158146	geometry_blocked	False	0	0	0
rg07_theta12p495_foilpm8	158803	geometry_blocked	False	0	0	0
rg07_theta12p495_foilpm8	160932	geometry_blocked	True	0	2	2
rg07_theta12p495_foilpm8	161568	geometry_blocked	True	0	2	2
rg07_theta12p495_foilpm8	163648	geometry_blocked	False	0	0	0
rg07_theta12p495_foilpm8	164703	geometry_blocked	False	0	0	0
rg07_theta12p495_foilpm8	169212	geometry_blocked	True	0	2	2
rg07_theta12p495_foilpm8	170822	geometry_blocked	False	0	0	0
rg07_theta12p495_foilpm8	171386	geometry_blocked	False	0	0	0
rg07_theta12p495_foilpm8	175000	geometry_blocked	True	0	2	2
rg07_theta12p495_foilpm8	176224	geometry_blocked	False	0	0	0
rg07_theta12p495_foilpm8	177416	geometry_blocked	False	0	0	0
rg07_theta12p495_foilpm8	179852	geometry_blocked	False	0	0	0
rg07_theta12p495_foilpm8	180437	geometry_blocked	False	0	0	0
rg07_theta12p495_foilpm8	181247	geometry_blocked	False	0	0	0
rg07_theta12p495_foilpm8	181274	geometry_blocked	False	0	0	0
rg07_theta12p495_foilpm8	182100	geometry_blocked	False	0	0	0
rg07_theta12p495_foilpm8	189205	geometry_blocked	True	0	2	2
rg07_theta12p495_foilpm8	190940	geometry_blocked	False	0	0	0
rg07_theta12p495_foilpm8	191386	geometry_blocked	True	0	2	2
rg07_theta12p495_foilpm8	191808	geometry_blocked	False	0	0	0
rg07_theta12p495_foilpm8	195122	geometry_blocked	False	0	0	0
rg07_theta12p495_foilpm8	196326	geometry_blocked	False	0	0	0
rg07_theta12p495_foilpm8	197515	geometry_blocked	False	0	0	0
rg07_theta12p495_foilpm8	197730	geometry_blocked	False	0	0	0
rg07_theta12p495_foilpm8	198322	geometry_blocked	False	0	0	0
rg07_theta12p495_foilpm8	200920	geometry_blocked	False	0	0	0
rg07_theta12p495_foilpm8	202449	geometry_blocked	False	0	0	0
rg07_theta12p495_foilpm8	204192	geometry_blocked	False	0	0	0
rg07_theta12p495_foilpm8	207071	geometry_blocked	False	0	0	0
rg07_theta12p495_foilpm8	208600	geometry_blocked	False	0	0	0
rg07_theta12p495_foilpm8	209549	geometry_blocked	True	0	2	2
rg07_theta12p495_foilpm8	209721	geometry_blocked	False	0	0	0
rg07_theta12p495_foilpm8	210092	geometry_blocked	False	0	0	0
rg07_theta12p495_foilpm8	211201	geometry_blocked	False	0	0	0
rg07_theta12p495_foilpm8	211271	geometry_blocked	False	0	0	0
