rungroup	zfoil	delta_low	delta_high	xscol	yscol	foil	ndel	original_core	available	excluded_core	blocked	total	holdout	holdout_core	unsupported	noncore_development	geometry_excluded_development	pool	q_hole	hole_cap	capacity	hole_bound	population	quota	surplus	qa_low	hole_loss	parent_loss	actual_selected
rg02_theta15p195_foil0	0.0	-10.0	-8.0	6	2	0	0	9	9	0	False	14	3	3	0	2	0	rg02_theta15p195_foil0	24.0	36	9	False	open_populated	9	0	True	0	0	9
rg02_theta15p195_foil0	0.0	-5.0	0.0	6	7	0	2	7	7	0	False	13	3	3	0	3	0	rg02_theta15p195_foil0	47.0	70	7	False	open_populated	7	0	True	0	0	7
rg02_theta15p195_foil0	0.0	0.0	5.0	0	6	0	3	7	7	0	False	14	3	2	0	4	0	rg02_theta15p195_foil0	27.0	40	7	False	open_populated	7	0	True	0	0	7
rg02_theta15p195_foil0	0.0	5.0	10.0	5	2	0	4	7	7	0	False	14	3	2	0	4	0	rg02_theta15p195_foil0	18.5	27	7	False	open_populated	7	0	True	0	0	7
rg02_theta15p195_foil0	0.0	5.0	10.0	6	3	0	4	9	9	0	False	17	4	2	0	4	0	rg02_theta15p195_foil0	18.5	27	9	False	open_populated	9	0	True	0	0	9
rg03_theta12p490_foilpm8	-8.0	-10.0	-8.0	1	1	0	0	6	6	0	False	19	4	1	0	9	0	rg03_theta12p490_foilpm8	24.5	36	6	False	open_populated	6	0	True	0	0	6
rg03_theta12p490_foilpm8	-8.0	-10.0	-8.0	2	6	0	0	7	7	0	False	21	5	2	0	9	0	rg03_theta12p490_foilpm8	24.5	36	7	False	open_populated	7	0	True	0	0	7
rg03_theta12p490_foilpm8	-8.0	-10.0	-8.0	6	1	0	0	7	7	0	False	14	3	1	0	4	0	rg03_theta12p490_foilpm8	24.5	36	7	False	open_populated	7	0	True	0	0	7
rg03_theta12p490_foilpm8	-8.0	5.0	10.0	7	1	0	4	9	9	0	False	14	3	3	0	2	0	rg03_theta12p490_foilpm8	46.0	69	9	False	open_populated	9	0	True	0	0	9
rg03_theta12p490_foilpm8	8.0	0.0	5.0	5	2	1	3	9	9	0	False	17	4	2	0	4	0	rg03_theta12p490_foilpm8	42.5	63	9	False	open_populated	9	0	True	0	0	9
rg03_theta12p490_foilpm8	8.0	0.0	5.0	6	2	1	3	9	9	0	False	13	3	2	0	1	0	rg03_theta12p490_foilpm8	42.5	63	9	False	open_populated	9	0	True	0	0	9
rg03_theta12p490_foilpm8	8.0	5.0	10.0	7	2	1	4	6	6	0	False	13	3	2	0	4	0	rg03_theta12p490_foilpm8	29.0	43	6	False	open_populated	6	0	True	0	0	6
rg04_theta15p195_foilpm3	-3.0	-10.0	-8.0	0	2	0	0	8	8	0	False	14	3	1	0	3	0	rg04_theta15p195_foilpm3	15.0	22	8	False	open_populated	8	0	True	0	0	8
rg04_theta15p195_foilpm3	-3.0	-10.0	-8.0	4	4	0	0	9	9	0	False	16	4	3	0	3	0	rg04_theta15p195_foilpm3	15.0	22	9	False	open_populated	9	0	True	0	0	9
rg04_theta15p195_foilpm3	-3.0	-10.0	-8.0	6	2	0	0	7	7	0	False	13	3	2	0	3	0	rg04_theta15p195_foilpm3	15.0	22	7	False	open_populated	7	0	True	0	0	7
rg04_theta15p195_foilpm3	-3.0	-8.0	-5.0	2	1	0	1	9	9	0	False	13	3	3	0	1	0	rg04_theta15p195_foilpm3	21.75	32	9	False	open_populated	9	0	True	0	0	9
rg04_theta15p195_foilpm3	-3.0	-8.0	-5.0	4	1	0	1	9	9	0	False	16	4	3	0	3	0	rg04_theta15p195_foilpm3	21.75	32	9	False	open_populated	9	0	True	0	0	9
rg04_theta15p195_foilpm3	-3.0	0.0	5.0	3	1	0	3	9	9	0	False	14	3	2	0	2	0	rg04_theta15p195_foilpm3	16.0	24	9	False	open_populated	9	0	True	0	0	9
rg04_theta15p195_foilpm3	-3.0	0.0	5.0	4	4	0	3	9	9	0	False	19	4	3	0	6	0	rg04_theta15p195_foilpm3	16.0	24	9	False	open_populated	9	0	True	0	0	9
rg04_theta15p195_foilpm3	-3.0	0.0	5.0	6	2	0	3	8	8	0	False	16	4	3	0	4	0	rg04_theta15p195_foilpm3	16.0	24	8	False	open_populated	8	0	True	0	0	8
rg04_theta15p195_foilpm3	-3.0	0.0	5.0	7	2	0	3	8	8	0	False	16	4	4	0	4	0	rg04_theta15p195_foilpm3	16.0	24	8	False	open_populated	8	0	True	0	0	8
rg04_theta15p195_foilpm3	-3.0	5.0	10.0	0	5	0	4	9	9	0	False	14	3	2	0	2	0	rg04_theta15p195_foilpm3	11.5	17	9	False	open_populated	9	0	True	0	0	9
rg04_theta15p195_foilpm3	-3.0	5.0	10.0	4	2	0	4	8	8	0	False	13	3	1	0	2	0	rg04_theta15p195_foilpm3	11.5	17	8	False	open_populated	8	0	True	0	0	8
rg04_theta15p195_foilpm3	-3.0	5.0	10.0	8	4	0	4	9	9	0	False	13	3	2	0	1	0	rg04_theta15p195_foilpm3	11.5	17	9	False	open_populated	9	0	True	0	0	9
rg04_theta15p195_foilpm3	3.0	-10.0	-8.0	1	3	1	0	8	8	0	False	14	3	2	0	3	0	rg04_theta15p195_foilpm3	11.0	16	8	False	open_populated	8	0	True	0	0	8
rg04_theta15p195_foilpm3	3.0	-8.0	-5.0	5	2	1	1	9	9	0	False	13	3	2	0	1	0	rg04_theta15p195_foilpm3	22.0	33	9	False	open_populated	9	0	True	0	0	9
rg04_theta15p195_foilpm3	3.0	-8.0	-5.0	7	2	1	1	9	9	0	False	13	3	1	0	1	0	rg04_theta15p195_foilpm3	22.0	33	9	False	open_populated	9	0	True	0	0	9
rg04_theta15p195_foilpm3	3.0	0.0	5.0	1	2	1	3	9	9	0	False	17	4	4	0	4	0	rg04_theta15p195_foilpm3	15.25	22	9	False	open_populated	9	0	True	0	0	9
rg04_theta15p195_foilpm3	3.0	5.0	10.0	7	5	1	4	9	9	0	False	15	3	1	0	3	0	rg04_theta15p195_foilpm3	11.5	17	9	False	open_populated	9	0	True	0	0	9
rg05_theta12p495_foilpm3	3.0	-10.0	-8.0	0	3	1	0	9	9	0	False	22	5	4	0	8	0	rg05_theta12p495_foilpm3	17.25	25	9	False	open_populated	9	0	True	0	0	9
rg05_theta12p495_foilpm3	3.0	-10.0	-8.0	6	2	1	0	9	9	0	False	17	4	4	0	4	0	rg05_theta12p495_foilpm3	17.25	25	9	False	open_populated	9	0	True	0	0	9
rg06_theta15p195_foilpm8	-8.0	5.0	10.0	2	2	0	4	7	7	0	False	13	3	2	0	3	0	rg06_theta15p195_foilpm8	17.0	25	7	False	open_populated	7	0	True	0	0	7
rg06_theta15p195_foilpm8	-8.0	5.0	10.0	4	1	0	4	8	8	0	False	15	3	2	0	4	0	rg06_theta15p195_foilpm8	17.0	25	8	False	open_populated	8	0	True	0	0	8
rg06_theta15p195_foilpm8	-8.0	5.0	10.0	6	2	0	4	9	9	0	False	14	3	2	0	2	0	rg06_theta15p195_foilpm8	17.0	25	9	False	open_populated	9	0	True	0	0	9
rg06_theta15p195_foilpm8	8.0	-10.0	-8.0	5	2	1	0	6	6	0	False	13	3	1	0	4	0	rg06_theta15p195_foilpm8	20.0	30	6	False	open_populated	6	0	True	0	0	6
rg06_theta15p195_foilpm8	8.0	-5.0	0.0	0	3	1	2	9	9	0	False	13	3	3	0	1	0	rg06_theta15p195_foilpm8	24.75	37	9	False	open_populated	9	0	True	0	0	9
rg06_theta15p195_foilpm8	8.0	-5.0	0.0	4	2	1	2	9	9	0	False	13	3	2	0	1	0	rg06_theta15p195_foilpm8	24.75	37	9	False	open_populated	9	0	True	0	0	9
rg06_theta15p195_foilpm8	8.0	0.0	5.0	3	3	1	3	8	8	0	False	14	3	3	0	3	0	rg06_theta15p195_foilpm8	17.0	25	8	False	open_populated	8	0	True	0	0	8
rg06_theta15p195_foilpm8	8.0	0.0	5.0	4	4	1	3	9	9	0	False	16	4	4	0	3	0	rg06_theta15p195_foilpm8	17.0	25	9	False	open_populated	9	0	True	0	0	9
rg06_theta15p195_foilpm8	8.0	0.0	5.0	6	3	1	3	8	8	0	False	14	3	3	0	3	0	rg06_theta15p195_foilpm8	17.0	25	8	False	open_populated	8	0	True	0	0	8
rg06_theta15p195_foilpm8	8.0	5.0	10.0	6	5	1	4	9	9	0	False	15	3	2	0	3	0	rg06_theta15p195_foilpm8	13.0	19	9	False	open_populated	9	0	True	0	0	9
rg07_theta12p495_foilpm8	-8.0	-10.0	-8.0	1	2	0	0	6	6	0	False	18	4	0	0	8	0	rg07_theta12p495_foilpm8	16.5	24	6	False	open_populated	6	0	True	0	0	6
rg07_theta12p495_foilpm8	-8.0	-10.0	-8.0	1	4	0	0	7	7	0	False	25	5	0	0	13	0	rg07_theta12p495_foilpm8	16.5	24	7	False	open_populated	7	0	True	0	0	7
rg07_theta12p495_foilpm8	-8.0	-10.0	-8.0	2	1	0	0	6	6	0	False	16	4	0	0	6	0	rg07_theta12p495_foilpm8	16.5	24	6	False	open_populated	6	0	True	0	0	6
rg07_theta12p495_foilpm8	-8.0	-10.0	-8.0	2	2	0	0	8	8	0	False	40	8	1	0	24	0	rg07_theta12p495_foilpm8	16.5	24	8	False	open_populated	8	0	True	0	0	8
rg07_theta12p495_foilpm8	-8.0	-10.0	-8.0	3	1	0	0	9	9	0	False	19	4	3	0	6	0	rg07_theta12p495_foilpm8	16.5	24	9	False	open_populated	9	0	True	0	0	9
rg07_theta12p495_foilpm8	-8.0	-10.0	-8.0	4	1	0	0	8	8	0	False	21	5	0	0	8	0	rg07_theta12p495_foilpm8	16.5	24	8	False	open_populated	8	0	True	0	0	8
rg07_theta12p495_foilpm8	-8.0	-8.0	-5.0	1	6	0	1	8	8	0	False	25	5	2	0	12	0	rg07_theta12p495_foilpm8	34.25	51	8	False	open_populated	8	0	True	0	0	8
rg07_theta12p495_foilpm8	-8.0	5.0	10.0	0	2	0	4	9	9	0	False	17	4	3	0	4	0	rg07_theta12p495_foilpm8	26.0	39	9	False	open_populated	9	0	True	0	0	9
rg07_theta12p495_foilpm8	-8.0	5.0	10.0	7	2	0	4	9	9	0	False	17	4	3	0	4	0	rg07_theta12p495_foilpm8	26.0	39	9	False	open_populated	9	0	True	0	0	9
rg07_theta12p495_foilpm8	8.0	0.0	5.0	0	4	1	3	8	8	0	False	13	3	2	0	2	0	rg07_theta12p495_foilpm8	34.0	51	8	False	open_populated	8	0	True	0	0	8
rg07_theta12p495_foilpm8	8.0	0.0	5.0	3	2	1	3	9	9	0	False	14	3	2	0	2	0	rg07_theta12p495_foilpm8	34.0	51	9	False	open_populated	9	0	True	0	0	9
rg07_theta12p495_foilpm8	8.0	5.0	10.0	8	4	1	4	8	8	0	False	16	4	2	0	4	0	rg07_theta12p495_foilpm8	20.0	30	8	False	open_populated	8	0	True	0	0	8
