pool	level	zfoil	ndel	rungroup	xscol	yscol	target	alpha	l1	model	n	median	p90	mse	cell_mse
validation	foil_delta	-8.0	0				xptar	0.0001	0.1	full_svd	2741	1.6344214201113836	4.1046124292387285	7.415036214523135	7.415036214523135
validation	foil_delta	-8.0	0				xptar	0.0001	0.1	refit_svd	2741	1.6414450532977534	4.177687178622802	7.515189582311132	7.515189582311132
validation	foil_delta	-8.0	0				xptar	3e-05	0.1	full_svd	2741	1.6344214201113836	4.1046124292387285	7.415036214523135	7.415036214523135
validation	foil_delta	-8.0	0				xptar	3e-05	0.1	refit_svd	2741	1.6508427323715589	4.088264442527224	7.439162954304363	7.439162954304363
validation	foil_delta	-8.0	0				xptar	0.0001	0.5	full_svd	2741	1.6344214201113836	4.1046124292387285	7.415036214523135	7.415036214523135
validation	foil_delta	-8.0	0				xptar	0.0001	0.5	refit_svd	2741	1.9158828297453911	4.66673020765063	8.769307057243205	8.769307057243205
validation	foil_delta	-8.0	0				xptar	3e-05	0.5	full_svd	2741	1.6344214201113836	4.1046124292387285	7.415036214523135	7.415036214523135
validation	foil_delta	-8.0	0				xptar	3e-05	0.5	refit_svd	2741	1.6866774788898802	4.299775214769666	7.765104882721827	7.765104882721827
validation	foil_delta	-8.0	0				ytar	0.0001	0.1	full_svd	2741	0.17516633322408776	0.3832483056416178	0.0562605039543907	0.0562605039543907
validation	foil_delta	-8.0	0				ytar	0.0001	0.1	refit_svd	2741	0.17545254141674294	0.3923273091009587	0.058112136248442955	0.058112136248442955
validation	foil_delta	-8.0	0				ytar	3e-05	0.1	full_svd	2741	0.17516633322408776	0.3832483056416178	0.0562605039543907	0.0562605039543907
validation	foil_delta	-8.0	0				ytar	3e-05	0.1	refit_svd	2741	0.17709432401155495	0.38835319719016553	0.057444968586657506	0.057444968586657506
validation	foil_delta	-8.0	0				ytar	0.0001	0.5	full_svd	2741	0.17516633322408776	0.3832483056416178	0.0562605039543907	0.0562605039543907
validation	foil_delta	-8.0	0				ytar	0.0001	0.5	refit_svd	2741	0.17993914816561082	0.4029451643835317	0.06018752513465057	0.06018752513465057
validation	foil_delta	-8.0	0				ytar	3e-05	0.5	full_svd	2741	0.17516633322408776	0.3832483056416178	0.0562605039543907	0.0562605039543907
validation	foil_delta	-8.0	0				ytar	3e-05	0.5	refit_svd	2741	0.17873644757760326	0.4024775924561968	0.06020237044051822	0.06020237044051822
validation	foil_delta	-8.0	0				yptar	0.0001	0.1	full_svd	2741	1.0061885267441837	2.2815183209398127	1.9264913465848015	1.9264913465848015
validation	foil_delta	-8.0	0				yptar	0.0001	0.1	refit_svd	2741	1.020808310787819	2.317162638698666	1.972104268376395	1.972104268376395
validation	foil_delta	-8.0	0				yptar	3e-05	0.1	full_svd	2741	1.0061885267441837	2.2815183209398127	1.9264913465848015	1.9264913465848015
validation	foil_delta	-8.0	0				yptar	3e-05	0.1	refit_svd	2741	1.0190479908066576	2.308407623026691	1.981629599865822	1.981629599865822
validation	foil_delta	-8.0	0				yptar	0.0001	0.5	full_svd	2741	1.0061885267441837	2.2815183209398127	1.9264913465848015	1.9264913465848015
validation	foil_delta	-8.0	0				yptar	0.0001	0.5	refit_svd	2741	1.0354066215887483	2.3095657631053146	2.004962004963121	2.004962004963121
validation	foil_delta	-8.0	0				yptar	3e-05	0.5	full_svd	2741	1.0061885267441837	2.2815183209398127	1.9264913465848015	1.9264913465848015
validation	foil_delta	-8.0	0				yptar	3e-05	0.5	refit_svd	2741	1.0276850014006638	2.303375284389085	1.9869396639765233	1.9869396639765233
validation	foil_delta	-8.0	1				xptar	0.0001	0.1	full_svd	2742	1.2952742277705132	3.0609918285531528	3.5774678173630186	3.5774678173630186
validation	foil_delta	-8.0	1				xptar	0.0001	0.1	refit_svd	2742	1.3464954934201856	3.2246711131388452	3.868505538541512	3.868505538541512
validation	foil_delta	-8.0	1				xptar	3e-05	0.1	full_svd	2742	1.2952742277705132	3.0609918285531528	3.5774678173630186	3.5774678173630186
validation	foil_delta	-8.0	1				xptar	3e-05	0.1	refit_svd	2742	1.2912172187506328	3.1011498729753177	3.6179557147352663	3.6179557147352663
validation	foil_delta	-8.0	1				xptar	0.0001	0.5	full_svd	2742	1.2952742277705132	3.0609918285531528	3.5774678173630186	3.5774678173630186
validation	foil_delta	-8.0	1				xptar	0.0001	0.5	refit_svd	2742	1.648412144518883	3.866197963128356	5.615160161714623	5.615160161714623
validation	foil_delta	-8.0	1				xptar	3e-05	0.5	full_svd	2742	1.2952742277705132	3.0609918285531528	3.5774678173630186	3.5774678173630186
validation	foil_delta	-8.0	1				xptar	3e-05	0.5	refit_svd	2742	1.4578269009440143	3.4415603229080314	4.32094448240565	4.32094448240565
validation	foil_delta	-8.0	1				ytar	0.0001	0.1	full_svd	2742	0.14110812166707348	0.3185654596387123	0.03912153389155601	0.03912153389155601
validation	foil_delta	-8.0	1				ytar	0.0001	0.1	refit_svd	2742	0.14298395646954348	0.32584955021777845	0.04028034692309373	0.04028034692309373
validation	foil_delta	-8.0	1				ytar	3e-05	0.1	full_svd	2742	0.14110812166707348	0.3185654596387123	0.03912153389155601	0.03912153389155601
validation	foil_delta	-8.0	1				ytar	3e-05	0.1	refit_svd	2742	0.1422930364820796	0.3232691805065702	0.039772051269657036	0.039772051269657036
validation	foil_delta	-8.0	1				ytar	0.0001	0.5	full_svd	2742	0.14110812166707348	0.3185654596387123	0.03912153389155601	0.03912153389155601
validation	foil_delta	-8.0	1				ytar	0.0001	0.5	refit_svd	2742	0.1463336461627515	0.3348597714681612	0.0419940292436421	0.0419940292436421
validation	foil_delta	-8.0	1				ytar	3e-05	0.5	full_svd	2742	0.14110812166707348	0.3185654596387123	0.03912153389155601	0.03912153389155601
validation	foil_delta	-8.0	1				ytar	3e-05	0.5	refit_svd	2742	0.1426873272729357	0.3333779040306928	0.04149768992889864	0.04149768992889864
validation	foil_delta	-8.0	1				yptar	0.0001	0.1	full_svd	2742	0.9061484357929337	2.1586264846074217	1.7230391033894161	1.7230391033894161
validation	foil_delta	-8.0	1				yptar	0.0001	0.1	refit_svd	2742	0.9066138392958547	2.1677846950944195	1.7500655451486675	1.7500655451486675
validation	foil_delta	-8.0	1				yptar	3e-05	0.1	full_svd	2742	0.9061484357929337	2.1586264846074217	1.7230391033894161	1.7230391033894161
validation	foil_delta	-8.0	1				yptar	3e-05	0.1	refit_svd	2742	0.9076010281369142	2.16143988867909	1.7447369012716853	1.7447369012716853
validation	foil_delta	-8.0	1				yptar	0.0001	0.5	full_svd	2742	0.9061484357929337	2.1586264846074217	1.7230391033894161	1.7230391033894161
validation	foil_delta	-8.0	1				yptar	0.0001	0.5	refit_svd	2742	0.9149925790453866	2.17204302000456	1.7818341972440002	1.7818341972440002
validation	foil_delta	-8.0	1				yptar	3e-05	0.5	full_svd	2742	0.9061484357929337	2.1586264846074217	1.7230391033894161	1.7230391033894161
validation	foil_delta	-8.0	1				yptar	3e-05	0.5	refit_svd	2742	0.9092782791073044	2.1775824735799163	1.7709329881264158	1.7709329881264158
validation	foil_delta	-8.0	2				xptar	0.0001	0.1	full_svd	2742	1.0450579402847167	2.4278584839491373	2.1614329574961024	2.1614329574961024
validation	foil_delta	-8.0	2				xptar	0.0001	0.1	refit_svd	2742	1.0857601076942265	2.512418121564301	2.3015154794300705	2.3015154794300705
validation	foil_delta	-8.0	2				xptar	3e-05	0.1	full_svd	2742	1.0450579402847167	2.4278584839491373	2.1614329574961024	2.1614329574961024
validation	foil_delta	-8.0	2				xptar	3e-05	0.1	refit_svd	2742	1.0646819679310535	2.4538823852629914	2.2073872820026113	2.2073872820026113
validation	foil_delta	-8.0	2				xptar	0.0001	0.5	full_svd	2742	1.0450579402847167	2.4278584839491373	2.1614329574961024	2.1614329574961024
validation	foil_delta	-8.0	2				xptar	0.0001	0.5	refit_svd	2742	1.1577025251364939	2.753471148329043	2.7265739988337816	2.7265739988337816
validation	foil_delta	-8.0	2				xptar	3e-05	0.5	full_svd	2742	1.0450579402847167	2.4278584839491373	2.1614329574961024	2.1614329574961024
validation	foil_delta	-8.0	2				xptar	3e-05	0.5	refit_svd	2742	1.1102498912712797	2.565980693926911	2.44652297229185	2.44652297229185
validation	foil_delta	-8.0	2				ytar	0.0001	0.1	full_svd	2742	0.08197910942283858	0.1964864084640893	0.01506858607102104	0.01506858607102104
validation	foil_delta	-8.0	2				ytar	0.0001	0.1	refit_svd	2742	0.0840187454989056	0.20350492866940031	0.015829855915551583	0.015829855915551583
validation	foil_delta	-8.0	2				ytar	3e-05	0.1	full_svd	2742	0.08197910942283858	0.1964864084640893	0.01506858607102104	0.01506858607102104
validation	foil_delta	-8.0	2				ytar	3e-05	0.1	refit_svd	2742	0.08288234769025585	0.1967193705453884	0.015446617259778904	0.015446617259778904
validation	foil_delta	-8.0	2				ytar	0.0001	0.5	full_svd	2742	0.08197910942283858	0.1964864084640893	0.01506858607102104	0.01506858607102104
validation	foil_delta	-8.0	2				ytar	0.0001	0.5	refit_svd	2742	0.08585416236251367	0.20640062245705051	0.016482042881901304	0.016482042881901304
validation	foil_delta	-8.0	2				ytar	3e-05	0.5	full_svd	2742	0.08197910942283858	0.1964864084640893	0.01506858607102104	0.01506858607102104
validation	foil_delta	-8.0	2				ytar	3e-05	0.5	refit_svd	2742	0.08473437297365598	0.20500741203378192	0.016364764473253763	0.016364764473253763
validation	foil_delta	-8.0	2				yptar	0.0001	0.1	full_svd	2742	0.7391467853730755	1.7380943459873708	1.1395720982330164	1.1395720982330164
validation	foil_delta	-8.0	2				yptar	0.0001	0.1	refit_svd	2742	0.7380293214701052	1.7145783079423513	1.132124760472303	1.132124760472303
validation	foil_delta	-8.0	2				yptar	3e-05	0.1	full_svd	2742	0.7391467853730755	1.7380943459873708	1.1395720982330164	1.1395720982330164
validation	foil_delta	-8.0	2				yptar	3e-05	0.1	refit_svd	2742	0.7396336609941726	1.7232550133644535	1.1316794746709777	1.1316794746709777
validation	foil_delta	-8.0	2				yptar	0.0001	0.5	full_svd	2742	0.7391467853730755	1.7380943459873708	1.1395720982330164	1.1395720982330164
validation	foil_delta	-8.0	2				yptar	0.0001	0.5	refit_svd	2742	0.742810265571076	1.7337334455177	1.1399880962409736	1.1399880962409736
validation	foil_delta	-8.0	2				yptar	3e-05	0.5	full_svd	2742	0.7391467853730755	1.7380943459873708	1.1395720982330164	1.1395720982330164
validation	foil_delta	-8.0	2				yptar	3e-05	0.5	refit_svd	2742	0.740009278957461	1.7306925462897924	1.1327189112109104	1.1327189112109104
validation	foil_delta	-8.0	3				xptar	0.0001	0.1	full_svd	2741	0.8482513514743578	2.0488872451700777	1.5128266015513512	1.5128266015513512
validation	foil_delta	-8.0	3				xptar	0.0001	0.1	refit_svd	2741	0.8621930272393052	2.103506943123064	1.5966424187590968	1.5966424187590968
validation	foil_delta	-8.0	3				xptar	3e-05	0.1	full_svd	2741	0.8482513514743578	2.0488872451700777	1.5128266015513512	1.5128266015513512
validation	foil_delta	-8.0	3				xptar	3e-05	0.1	refit_svd	2741	0.8755163091211833	2.0655971746648265	1.550639225815281	1.550639225815281
validation	foil_delta	-8.0	3				xptar	0.0001	0.5	full_svd	2741	0.8482513514743578	2.0488872451700777	1.5128266015513512	1.5128266015513512
validation	foil_delta	-8.0	3				xptar	0.0001	0.5	refit_svd	2741	0.9101351243873991	2.0998132102799296	1.6284118942058856	1.6284118942058856
validation	foil_delta	-8.0	3				xptar	3e-05	0.5	full_svd	2741	0.8482513514743578	2.0488872451700777	1.5128266015513512	1.5128266015513512
validation	foil_delta	-8.0	3				xptar	3e-05	0.5	refit_svd	2741	0.8985717099052465	2.1408048076471466	1.6863262554789769	1.6863262554789769
validation	foil_delta	-8.0	3				ytar	0.0001	0.1	full_svd	2741	0.06400175329966708	0.1560961788070161	0.009146723238582847	0.009146723238582847
validation	foil_delta	-8.0	3				ytar	0.0001	0.1	refit_svd	2741	0.06648952906663196	0.16295196036496262	0.009735932252155254	0.009735932252155254
validation	foil_delta	-8.0	3				ytar	3e-05	0.1	full_svd	2741	0.06400175329966708	0.1560961788070161	0.009146723238582847	0.009146723238582847
validation	foil_delta	-8.0	3				ytar	3e-05	0.1	refit_svd	2741	0.06517945662933913	0.15816160420482964	0.009391404610005821	0.009391404610005821
validation	foil_delta	-8.0	3				ytar	0.0001	0.5	full_svd	2741	0.06400175329966708	0.1560961788070161	0.009146723238582847	0.009146723238582847
validation	foil_delta	-8.0	3				ytar	0.0001	0.5	refit_svd	2741	0.07020096031412869	0.16517294804678784	0.010467590779071518	0.010467590779071518
validation	foil_delta	-8.0	3				ytar	3e-05	0.5	full_svd	2741	0.06400175329966708	0.1560961788070161	0.009146723238582847	0.009146723238582847
validation	foil_delta	-8.0	3				ytar	3e-05	0.5	refit_svd	2741	0.06742369096978708	0.16252422574523362	0.009788429724149951	0.009788429724149951
validation	foil_delta	-8.0	3				yptar	0.0001	0.1	full_svd	2741	0.6224418509673691	1.4830247121741837	0.7905740349284168	0.7905740349284168
validation	foil_delta	-8.0	3				yptar	0.0001	0.1	refit_svd	2741	0.6260911923258736	1.4888950153461042	0.7907674052617865	0.7907674052617865
validation	foil_delta	-8.0	3				yptar	3e-05	0.1	full_svd	2741	0.6224418509673691	1.4830247121741837	0.7905740349284168	0.7905740349284168
validation	foil_delta	-8.0	3				yptar	3e-05	0.1	refit_svd	2741	0.6180241147538852	1.4795048674457745	0.7856610104979375	0.7856610104979375
validation	foil_delta	-8.0	3				yptar	0.0001	0.5	full_svd	2741	0.6224418509673691	1.4830247121741837	0.7905740349284168	0.7905740349284168
validation	foil_delta	-8.0	3				yptar	0.0001	0.5	refit_svd	2741	0.6283020992189862	1.4964792023462363	0.8063016523303154	0.8063016523303154
validation	foil_delta	-8.0	3				yptar	3e-05	0.5	full_svd	2741	0.6224418509673691	1.4830247121741837	0.7905740349284168	0.7905740349284168
validation	foil_delta	-8.0	3				yptar	3e-05	0.5	refit_svd	2741	0.6245339146686004	1.4727422655642328	0.7937491425121576	0.7937491425121576
validation	foil_delta	-8.0	4				xptar	0.0001	0.1	full_svd	2741	0.7981737616765266	1.9626414916806174	1.4195646718990311	1.4195646718990311
validation	foil_delta	-8.0	4				xptar	0.0001	0.1	refit_svd	2741	0.8561985811871876	2.05154921523092	1.5615221887548156	1.5615221887548156
validation	foil_delta	-8.0	4				xptar	3e-05	0.1	full_svd	2741	0.7981737616765266	1.9626414916806174	1.4195646718990311	1.4195646718990311
validation	foil_delta	-8.0	4				xptar	3e-05	0.1	refit_svd	2741	0.8365379100914936	1.9749298876715324	1.4467418153094118	1.4467418153094118
validation	foil_delta	-8.0	4				xptar	0.0001	0.5	full_svd	2741	0.7981737616765266	1.9626414916806174	1.4195646718990311	1.4195646718990311
validation	foil_delta	-8.0	4				xptar	0.0001	0.5	refit_svd	2741	0.8518395873907542	2.0823318667787802	1.5747061588249491	1.5747061588249491
validation	foil_delta	-8.0	4				xptar	3e-05	0.5	full_svd	2741	0.7981737616765266	1.9626414916806174	1.4195646718990311	1.4195646718990311
validation	foil_delta	-8.0	4				xptar	3e-05	0.5	refit_svd	2741	0.8730635805553402	2.1255886738591	1.6550243720973792	1.6550243720973792
validation	foil_delta	-8.0	4				ytar	0.0001	0.1	full_svd	2741	0.08764354855460565	0.20888642535665908	0.01633901590561298	0.01633901590561298
validation	foil_delta	-8.0	4				ytar	0.0001	0.1	refit_svd	2741	0.08858525275997585	0.20878997405410007	0.016626785550176174	0.016626785550176174
validation	foil_delta	-8.0	4				ytar	3e-05	0.1	full_svd	2741	0.08764354855460565	0.20888642535665908	0.01633901590561298	0.01633901590561298
validation	foil_delta	-8.0	4				ytar	3e-05	0.1	refit_svd	2741	0.08877928421834533	0.21092308122243747	0.016443853191359537	0.016443853191359537
validation	foil_delta	-8.0	4				ytar	0.0001	0.5	full_svd	2741	0.08764354855460565	0.20888642535665908	0.01633901590561298	0.01633901590561298
validation	foil_delta	-8.0	4				ytar	0.0001	0.5	refit_svd	2741	0.09148169156968922	0.21814355246586384	0.01742635978142941	0.01742635978142941
validation	foil_delta	-8.0	4				ytar	3e-05	0.5	full_svd	2741	0.08764354855460565	0.20888642535665908	0.01633901590561298	0.01633901590561298
validation	foil_delta	-8.0	4				ytar	3e-05	0.5	refit_svd	2741	0.0902766882207185	0.21090808116282916	0.017041249281205907	0.017041249281205907
validation	foil_delta	-8.0	4				yptar	0.0001	0.1	full_svd	2741	0.5577190703045399	1.304626862497717	0.6240162221801779	0.6240162221801779
validation	foil_delta	-8.0	4				yptar	0.0001	0.1	refit_svd	2741	0.5641722778517745	1.3209992824348669	0.6259690384119894	0.6259690384119894
validation	foil_delta	-8.0	4				yptar	3e-05	0.1	full_svd	2741	0.5577190703045399	1.304626862497717	0.6240162221801779	0.6240162221801779
validation	foil_delta	-8.0	4				yptar	3e-05	0.1	refit_svd	2741	0.5498768467377732	1.3196402908904301	0.6293713248248065	0.6293713248248065
validation	foil_delta	-8.0	4				yptar	0.0001	0.5	full_svd	2741	0.5577190703045399	1.304626862497717	0.6240162221801779	0.6240162221801779
validation	foil_delta	-8.0	4				yptar	0.0001	0.5	refit_svd	2741	0.5594422727947767	1.3294993879034134	0.6343780391678608	0.6343780391678608
validation	foil_delta	-8.0	4				yptar	3e-05	0.5	full_svd	2741	0.5577190703045399	1.304626862497717	0.6240162221801779	0.6240162221801779
validation	foil_delta	-8.0	4				yptar	3e-05	0.5	refit_svd	2741	0.5558262855208141	1.3076652055469853	0.6209913861337344	0.6209913861337344
validation	foil_delta	-3.0	0				xptar	0.0001	0.1	full_svd	1495	1.8371887723680866	4.428150758431579	7.424931763978849	7.424931763978849
validation	foil_delta	-3.0	0				xptar	0.0001	0.1	refit_svd	1495	1.813711426050503	4.463853913866777	7.837741914590399	7.837741914590399
validation	foil_delta	-3.0	0				xptar	3e-05	0.1	full_svd	1495	1.8371887723680866	4.428150758431579	7.424931763978849	7.424931763978849
validation	foil_delta	-3.0	0				xptar	3e-05	0.1	refit_svd	1495	1.848461717158455	4.460262589739888	7.50119278225827	7.50119278225827
validation	foil_delta	-3.0	0				xptar	0.0001	0.5	full_svd	1495	1.8371887723680866	4.428150758431579	7.424931763978849	7.424931763978849
validation	foil_delta	-3.0	0				xptar	0.0001	0.5	refit_svd	1495	1.9763585787852116	4.937782142324017	9.044745291846485	9.044745291846485
validation	foil_delta	-3.0	0				xptar	3e-05	0.5	full_svd	1495	1.8371887723680866	4.428150758431579	7.424931763978849	7.424931763978849
validation	foil_delta	-3.0	0				xptar	3e-05	0.5	refit_svd	1495	1.958808653802523	4.705937416288018	8.485416167324912	8.485416167324912
validation	foil_delta	-3.0	0				ytar	0.0001	0.1	full_svd	1495	0.1323579938589654	0.3330645527289352	0.038898499041147276	0.038898499041147276
validation	foil_delta	-3.0	0				ytar	0.0001	0.1	refit_svd	1495	0.13159648002514635	0.3301910338247397	0.03808251307323153	0.03808251307323153
validation	foil_delta	-3.0	0				ytar	3e-05	0.1	full_svd	1495	0.1323579938589654	0.3330645527289352	0.038898499041147276	0.038898499041147276
validation	foil_delta	-3.0	0				ytar	3e-05	0.1	refit_svd	1495	0.13232000549012468	0.332025391915683	0.038437162276426934	0.038437162276426934
validation	foil_delta	-3.0	0				ytar	0.0001	0.5	full_svd	1495	0.1323579938589654	0.3330645527289352	0.038898499041147276	0.038898499041147276
validation	foil_delta	-3.0	0				ytar	0.0001	0.5	refit_svd	1495	0.13052898451677392	0.32911973557681007	0.037463088019582154	0.037463088019582154
validation	foil_delta	-3.0	0				ytar	3e-05	0.5	full_svd	1495	0.1323579938589654	0.3330645527289352	0.038898499041147276	0.038898499041147276
validation	foil_delta	-3.0	0				ytar	3e-05	0.5	refit_svd	1495	0.1310613803593352	0.32793822252569044	0.0375688101780858	0.0375688101780858
validation	foil_delta	-3.0	0				yptar	0.0001	0.1	full_svd	1495	0.8798219071664334	2.007890591640838	1.5639105507704927	1.5639105507704927
validation	foil_delta	-3.0	0				yptar	0.0001	0.1	refit_svd	1495	0.8626717426130056	2.0080120442396256	1.5373547927468247	1.5373547927468247
validation	foil_delta	-3.0	0				yptar	3e-05	0.1	full_svd	1495	0.8798219071664334	2.007890591640838	1.5639105507704927	1.5639105507704927
validation	foil_delta	-3.0	0				yptar	3e-05	0.1	refit_svd	1495	0.8659467070566973	2.0022303224527924	1.531604088640253	1.531604088640253
validation	foil_delta	-3.0	0				yptar	0.0001	0.5	full_svd	1495	0.8798219071664334	2.007890591640838	1.5639105507704927	1.5639105507704927
validation	foil_delta	-3.0	0				yptar	0.0001	0.5	refit_svd	1495	0.8650229846850458	2.010499623583079	1.5362687523919447	1.5362687523919447
validation	foil_delta	-3.0	0				yptar	3e-05	0.5	full_svd	1495	0.8798219071664334	2.007890591640838	1.5639105507704927	1.5639105507704927
validation	foil_delta	-3.0	0				yptar	3e-05	0.5	refit_svd	1495	0.8637822742302422	2.0154500374305564	1.5261213916279561	1.5261213916279561
validation	foil_delta	-3.0	1				xptar	0.0001	0.1	full_svd	3059	1.357533674689734	3.134733607990987	3.6773020921587207	3.6773020921587207
validation	foil_delta	-3.0	1				xptar	0.0001	0.1	refit_svd	3059	1.3621705108510658	3.149771462928533	3.789223547560031	3.789223547560031
validation	foil_delta	-3.0	1				xptar	3e-05	0.1	full_svd	3059	1.357533674689734	3.134733607990987	3.6773020921587207	3.6773020921587207
validation	foil_delta	-3.0	1				xptar	3e-05	0.1	refit_svd	3059	1.3659932472081908	3.1391105796342575	3.6852092674469894	3.6852092674469894
validation	foil_delta	-3.0	1				xptar	0.0001	0.5	full_svd	3059	1.357533674689734	3.134733607990987	3.6773020921587207	3.6773020921587207
validation	foil_delta	-3.0	1				xptar	0.0001	0.5	refit_svd	3059	1.5224116153363179	3.5835207860188882	4.8665146549601905	4.8665146549601905
validation	foil_delta	-3.0	1				xptar	3e-05	0.5	full_svd	3059	1.357533674689734	3.134733607990987	3.6773020921587207	3.6773020921587207
validation	foil_delta	-3.0	1				xptar	3e-05	0.5	refit_svd	3059	1.3906001598397721	3.231946637313729	3.976101939751322	3.976101939751322
validation	foil_delta	-3.0	1				ytar	0.0001	0.1	full_svd	3059	0.12712628778504992	0.28466371717060257	0.029976342156948062	0.029976342156948062
validation	foil_delta	-3.0	1				ytar	0.0001	0.1	refit_svd	3059	0.12504908070568935	0.281123166263589	0.02937575982562957	0.02937575982562957
validation	foil_delta	-3.0	1				ytar	3e-05	0.1	full_svd	3059	0.12712628778504992	0.28466371717060257	0.029976342156948062	0.029976342156948062
validation	foil_delta	-3.0	1				ytar	3e-05	0.1	refit_svd	3059	0.12672819916186	0.28273675954542427	0.029713414023996975	0.029713414023996975
validation	foil_delta	-3.0	1				ytar	0.0001	0.5	full_svd	3059	0.12712628778504992	0.28466371717060257	0.029976342156948062	0.029976342156948062
validation	foil_delta	-3.0	1				ytar	0.0001	0.5	refit_svd	3059	0.12574692323057518	0.282540814278025	0.029355725203738497	0.029355725203738497
validation	foil_delta	-3.0	1				ytar	3e-05	0.5	full_svd	3059	0.12712628778504992	0.28466371717060257	0.029976342156948062	0.029976342156948062
validation	foil_delta	-3.0	1				ytar	3e-05	0.5	refit_svd	3059	0.1257731845962262	0.2835478705829812	0.029496721355869268	0.029496721355869268
validation	foil_delta	-3.0	1				yptar	0.0001	0.1	full_svd	3059	0.8515326665582685	2.0270892631134596	1.4713636709869409	1.4713636709869409
validation	foil_delta	-3.0	1				yptar	0.0001	0.1	refit_svd	3059	0.8430939889544977	2.016764026929826	1.457437516153541	1.457437516153541
validation	foil_delta	-3.0	1				yptar	3e-05	0.1	full_svd	3059	0.8515326665582685	2.0270892631134596	1.4713636709869409	1.4713636709869409
validation	foil_delta	-3.0	1				yptar	3e-05	0.1	refit_svd	3059	0.8401331402115653	2.032891132410006	1.460503371876128	1.460503371876128
validation	foil_delta	-3.0	1				yptar	0.0001	0.5	full_svd	3059	0.8515326665582685	2.0270892631134596	1.4713636709869409	1.4713636709869409
validation	foil_delta	-3.0	1				yptar	0.0001	0.5	refit_svd	3059	0.8449183842530773	2.031800192411357	1.4782239690687404	1.4782239690687404
validation	foil_delta	-3.0	1				yptar	3e-05	0.5	full_svd	3059	0.8515326665582685	2.0270892631134596	1.4713636709869409	1.4713636709869409
validation	foil_delta	-3.0	1				yptar	3e-05	0.5	refit_svd	3059	0.8446047247838554	2.0133513556354257	1.4658364529426873	1.4658364529426873
validation	foil_delta	-3.0	2				xptar	0.0001	0.1	full_svd	3891	1.064145566391668	2.460373376402343	2.2534319793792092	2.2534319793792092
validation	foil_delta	-3.0	2				xptar	0.0001	0.1	refit_svd	3891	1.0739807319579686	2.493429041544315	2.344804248446126	2.344804248446126
validation	foil_delta	-3.0	2				xptar	3e-05	0.1	full_svd	3891	1.064145566391668	2.460373376402343	2.2534319793792092	2.2534319793792092
validation	foil_delta	-3.0	2				xptar	3e-05	0.1	refit_svd	3891	1.0739790631846755	2.4857644269477635	2.2912305298345608	2.2912305298345608
validation	foil_delta	-3.0	2				xptar	0.0001	0.5	full_svd	3891	1.064145566391668	2.460373376402343	2.2534319793792092	2.2534319793792092
validation	foil_delta	-3.0	2				xptar	0.0001	0.5	refit_svd	3891	1.1393129827531947	2.6887729893962513	2.6727479578447464	2.6727479578447464
validation	foil_delta	-3.0	2				xptar	3e-05	0.5	full_svd	3891	1.064145566391668	2.460373376402343	2.2534319793792092	2.2534319793792092
validation	foil_delta	-3.0	2				xptar	3e-05	0.5	refit_svd	3891	1.0922855335936872	2.542553835553277	2.4099638903988225	2.4099638903988225
validation	foil_delta	-3.0	2				ytar	0.0001	0.1	full_svd	3891	0.08292204440256724	0.19603265704250336	0.014112030547997036	0.014112030547997036
validation	foil_delta	-3.0	2				ytar	0.0001	0.1	refit_svd	3891	0.08396972482889592	0.1935537502148244	0.014002682913178863	0.014002682913178863
validation	foil_delta	-3.0	2				ytar	3e-05	0.1	full_svd	3891	0.08292204440256724	0.19603265704250336	0.014112030547997036	0.014112030547997036
validation	foil_delta	-3.0	2				ytar	3e-05	0.1	refit_svd	3891	0.08377828603305112	0.19604958668974354	0.014202521721888043	0.014202521721888043
validation	foil_delta	-3.0	2				ytar	0.0001	0.5	full_svd	3891	0.08292204440256724	0.19603265704250336	0.014112030547997036	0.014112030547997036
validation	foil_delta	-3.0	2				ytar	0.0001	0.5	refit_svd	3891	0.08367418081181542	0.19792168172118163	0.014453575988104312	0.014453575988104312
validation	foil_delta	-3.0	2				ytar	3e-05	0.5	full_svd	3891	0.08292204440256724	0.19603265704250336	0.014112030547997036	0.014112030547997036
validation	foil_delta	-3.0	2				ytar	3e-05	0.5	refit_svd	3891	0.08343581284967093	0.1949954641583606	0.014221564837942272	0.014221564837942272
validation	foil_delta	-3.0	2				yptar	0.0001	0.1	full_svd	3891	0.7500360181026227	1.7344432546182262	1.1264399782079426	1.1264399782079426
validation	foil_delta	-3.0	2				yptar	0.0001	0.1	refit_svd	3891	0.7594255472273443	1.742472349746501	1.1289208149826442	1.1289208149826442
validation	foil_delta	-3.0	2				yptar	3e-05	0.1	full_svd	3891	0.7500360181026227	1.7344432546182262	1.1264399782079426	1.1264399782079426
validation	foil_delta	-3.0	2				yptar	3e-05	0.1	refit_svd	3891	0.7558659254943821	1.7440525800852682	1.1235314539764278	1.1235314539764278
validation	foil_delta	-3.0	2				yptar	0.0001	0.5	full_svd	3891	0.7500360181026227	1.7344432546182262	1.1264399782079426	1.1264399782079426
validation	foil_delta	-3.0	2				yptar	0.0001	0.5	refit_svd	3891	0.7549349383884213	1.7577730599728643	1.1391424861055006	1.1391424861055006
validation	foil_delta	-3.0	2				yptar	3e-05	0.5	full_svd	3891	0.7500360181026227	1.7344432546182262	1.1264399782079426	1.1264399782079426
validation	foil_delta	-3.0	2				yptar	3e-05	0.5	refit_svd	3891	0.7487145260696506	1.748119960112678	1.1352081988433191	1.1352081988433191
validation	foil_delta	-3.0	3				xptar	0.0001	0.1	full_svd	3446	0.9069632165140723	2.124861689282496	1.62646001648697	1.62646001648697
validation	foil_delta	-3.0	3				xptar	0.0001	0.1	refit_svd	3446	0.9258625050155591	2.16153254113768	1.6970655541739212	1.6970655541739212
validation	foil_delta	-3.0	3				xptar	3e-05	0.1	full_svd	3446	0.9069632165140723	2.124861689282496	1.62646001648697	1.62646001648697
validation	foil_delta	-3.0	3				xptar	3e-05	0.1	refit_svd	3446	0.9206241667593755	2.1557338742715126	1.671463830641096	1.671463830641096
validation	foil_delta	-3.0	3				xptar	0.0001	0.5	full_svd	3446	0.9069632165140723	2.124861689282496	1.62646001648697	1.62646001648697
validation	foil_delta	-3.0	3				xptar	0.0001	0.5	refit_svd	3446	0.9282212353315076	2.206877479288368	1.747618188614482	1.747618188614482
validation	foil_delta	-3.0	3				xptar	3e-05	0.5	full_svd	3446	0.9069632165140723	2.124861689282496	1.62646001648697	1.62646001648697
validation	foil_delta	-3.0	3				xptar	3e-05	0.5	refit_svd	3446	0.905966425843932	2.1333295662329386	1.6908973836701333	1.6908973836701333
validation	foil_delta	-3.0	3				ytar	0.0001	0.1	full_svd	3446	0.07177646626403297	0.16011051995453796	0.009603556186949571	0.009603556186949571
validation	foil_delta	-3.0	3				ytar	0.0001	0.1	refit_svd	3446	0.0725884119443342	0.1596255283233048	0.009715978573767863	0.009715978573767863
validation	foil_delta	-3.0	3				ytar	3e-05	0.1	full_svd	3446	0.07177646626403297	0.16011051995453796	0.009603556186949571	0.009603556186949571
validation	foil_delta	-3.0	3				ytar	3e-05	0.1	refit_svd	3446	0.0718153051036455	0.16078102124370192	0.009829882714730098	0.009829882714730098
validation	foil_delta	-3.0	3				ytar	0.0001	0.5	full_svd	3446	0.07177646626403297	0.16011051995453796	0.009603556186949571	0.009603556186949571
validation	foil_delta	-3.0	3				ytar	0.0001	0.5	refit_svd	3446	0.07245305134287541	0.16229826892851762	0.009843253645660032	0.009843253645660032
validation	foil_delta	-3.0	3				ytar	3e-05	0.5	full_svd	3446	0.07177646626403297	0.16011051995453796	0.009603556186949571	0.009603556186949571
validation	foil_delta	-3.0	3				ytar	3e-05	0.5	refit_svd	3446	0.07194170775047848	0.1603757634298848	0.009675466231086737	0.009675466231086737
validation	foil_delta	-3.0	3				yptar	0.0001	0.1	full_svd	3446	0.6497355390426909	1.4869224571516706	0.8182113664770236	0.8182113664770236
validation	foil_delta	-3.0	3				yptar	0.0001	0.1	refit_svd	3446	0.6436926061010595	1.4935707901527275	0.8274227793708683	0.8274227793708683
validation	foil_delta	-3.0	3				yptar	3e-05	0.1	full_svd	3446	0.6497355390426909	1.4869224571516706	0.8182113664770236	0.8182113664770236
validation	foil_delta	-3.0	3				yptar	3e-05	0.1	refit_svd	3446	0.6483120214700404	1.4890602278294467	0.8222065379443063	0.8222065379443063
validation	foil_delta	-3.0	3				yptar	0.0001	0.5	full_svd	3446	0.6497355390426909	1.4869224571516706	0.8182113664770236	0.8182113664770236
validation	foil_delta	-3.0	3				yptar	0.0001	0.5	refit_svd	3446	0.6441142284109498	1.5031784766930574	0.826160597708869	0.826160597708869
validation	foil_delta	-3.0	3				yptar	3e-05	0.5	full_svd	3446	0.6497355390426909	1.4869224571516706	0.8182113664770236	0.8182113664770236
validation	foil_delta	-3.0	3				yptar	3e-05	0.5	refit_svd	3446	0.640940530100274	1.5046074451168647	0.8300109560488707	0.8300109560488707
validation	foil_delta	-3.0	4				xptar	0.0001	0.1	full_svd	1816	0.828413406422875	1.9815335768470081	1.3911401944920392	1.3911401944920392
validation	foil_delta	-3.0	4				xptar	0.0001	0.1	refit_svd	1816	0.8461739209976535	2.0123670699549487	1.475715295023328	1.475715295023328
validation	foil_delta	-3.0	4				xptar	3e-05	0.1	full_svd	1816	0.828413406422875	1.9815335768470081	1.3911401944920392	1.3911401944920392
validation	foil_delta	-3.0	4				xptar	3e-05	0.1	refit_svd	1816	0.8332519672183307	1.991297405237574	1.4017918111584007	1.4017918111584007
validation	foil_delta	-3.0	4				xptar	0.0001	0.5	full_svd	1816	0.828413406422875	1.9815335768470081	1.3911401944920392	1.3911401944920392
validation	foil_delta	-3.0	4				xptar	0.0001	0.5	refit_svd	1816	0.8645752422386257	2.0617214286378323	1.5637688672304662	1.5637688672304662
validation	foil_delta	-3.0	4				xptar	3e-05	0.5	full_svd	1816	0.828413406422875	1.9815335768470081	1.3911401944920392	1.3911401944920392
validation	foil_delta	-3.0	4				xptar	3e-05	0.5	refit_svd	1816	0.867623386445842	2.0163388359282086	1.518372651170416	1.518372651170416
validation	foil_delta	-3.0	4				ytar	0.0001	0.1	full_svd	1816	0.09485860235438887	0.21810887887578778	0.017190134720755788	0.017190134720755788
validation	foil_delta	-3.0	4				ytar	0.0001	0.1	refit_svd	1816	0.09632963911021669	0.21193867623771306	0.017023571875679034	0.017023571875679034
validation	foil_delta	-3.0	4				ytar	3e-05	0.1	full_svd	1816	0.09485860235438887	0.21810887887578778	0.017190134720755788	0.017190134720755788
validation	foil_delta	-3.0	4				ytar	3e-05	0.1	refit_svd	1816	0.09582484600126756	0.21657687045886045	0.017235686698207353	0.017235686698207353
validation	foil_delta	-3.0	4				ytar	0.0001	0.5	full_svd	1816	0.09485860235438887	0.21810887887578778	0.017190134720755788	0.017190134720755788
validation	foil_delta	-3.0	4				ytar	0.0001	0.5	refit_svd	1816	0.09403561070762409	0.21624037782933087	0.017336561213782173	0.017336561213782173
validation	foil_delta	-3.0	4				ytar	3e-05	0.5	full_svd	1816	0.09485860235438887	0.21810887887578778	0.017190134720755788	0.017190134720755788
validation	foil_delta	-3.0	4				ytar	3e-05	0.5	refit_svd	1816	0.09519395065782833	0.20990219162916585	0.01700225316753537	0.01700225316753537
validation	foil_delta	-3.0	4				yptar	0.0001	0.1	full_svd	1816	0.585462702905931	1.4151741174468064	0.7338354194197924	0.7338354194197924
validation	foil_delta	-3.0	4				yptar	0.0001	0.1	refit_svd	1816	0.5795515743370971	1.420902850106648	0.7500685623148359	0.7500685623148359
validation	foil_delta	-3.0	4				yptar	3e-05	0.1	full_svd	1816	0.585462702905931	1.4151741174468064	0.7338354194197924	0.7338354194197924
validation	foil_delta	-3.0	4				yptar	3e-05	0.1	refit_svd	1816	0.5740810274001019	1.3967569312306083	0.7374325145969748	0.7374325145969748
validation	foil_delta	-3.0	4				yptar	0.0001	0.5	full_svd	1816	0.585462702905931	1.4151741174468064	0.7338354194197924	0.7338354194197924
validation	foil_delta	-3.0	4				yptar	0.0001	0.5	refit_svd	1816	0.6104681115741322	1.4546590832497743	0.789858525437712	0.789858525437712
validation	foil_delta	-3.0	4				yptar	3e-05	0.5	full_svd	1816	0.585462702905931	1.4151741174468064	0.7338354194197924	0.7338354194197924
validation	foil_delta	-3.0	4				yptar	3e-05	0.5	refit_svd	1816	0.6018245758067278	1.4247045236581348	0.7641567726704666	0.7641567726704666
validation	foil_delta	0.0	0				xptar	0.0001	0.1	full_svd	2741	1.4580701616240879	3.3651526450340397	4.656916125151344	4.656916125151344
validation	foil_delta	0.0	0				xptar	0.0001	0.1	refit_svd	2741	1.4512175466136201	3.318864770154407	4.468151819715183	4.468151819715183
validation	foil_delta	0.0	0				xptar	3e-05	0.1	full_svd	2741	1.4580701616240879	3.3651526450340397	4.656916125151344	4.656916125151344
validation	foil_delta	0.0	0				xptar	3e-05	0.1	refit_svd	2741	1.4584661123509148	3.3633731988521736	4.627442299728129	4.627442299728129
validation	foil_delta	0.0	0				xptar	0.0001	0.5	full_svd	2741	1.4580701616240879	3.3651526450340397	4.656916125151344	4.656916125151344
validation	foil_delta	0.0	0				xptar	0.0001	0.5	refit_svd	2741	1.5849763873487244	3.6730630534459707	5.546752812995671	5.546752812995671
validation	foil_delta	0.0	0				xptar	3e-05	0.5	full_svd	2741	1.4580701616240879	3.3651526450340397	4.656916125151344	4.656916125151344
validation	foil_delta	0.0	0				xptar	3e-05	0.5	refit_svd	2741	1.491993992340221	3.415739499877647	4.721705234205592	4.721705234205592
validation	foil_delta	0.0	0				ytar	0.0001	0.1	full_svd	2741	0.1433254574809036	0.3106679787039214	0.0365757547557003	0.0365757547557003
validation	foil_delta	0.0	0				ytar	0.0001	0.1	refit_svd	2741	0.14210327649060103	0.30734396661004176	0.035862822386359045	0.035862822386359045
validation	foil_delta	0.0	0				ytar	3e-05	0.1	full_svd	2741	0.1433254574809036	0.3106679787039214	0.0365757547557003	0.0365757547557003
validation	foil_delta	0.0	0				ytar	3e-05	0.1	refit_svd	2741	0.1433710394423305	0.3094285383178034	0.03622312703467703	0.03622312703467703
validation	foil_delta	0.0	0				ytar	0.0001	0.5	full_svd	2741	0.1433254574809036	0.3106679787039214	0.0365757547557003	0.0365757547557003
validation	foil_delta	0.0	0				ytar	0.0001	0.5	refit_svd	2741	0.1420915316284954	0.30603152301507625	0.03564648172550881	0.03564648172550881
validation	foil_delta	0.0	0				ytar	3e-05	0.5	full_svd	2741	0.1433254574809036	0.3106679787039214	0.0365757547557003	0.0365757547557003
validation	foil_delta	0.0	0				ytar	3e-05	0.5	refit_svd	2741	0.14088203127250562	0.3038300185754003	0.03540441890997243	0.03540441890997243
validation	foil_delta	0.0	0				yptar	0.0001	0.1	full_svd	2741	0.8232834574256834	1.9828155511840557	1.4018154071590225	1.4018154071590225
validation	foil_delta	0.0	0				yptar	0.0001	0.1	refit_svd	2741	0.8208891143790013	1.9727127780834801	1.387478850422778	1.387478850422778
validation	foil_delta	0.0	0				yptar	3e-05	0.1	full_svd	2741	0.8232834574256834	1.9828155511840557	1.4018154071590225	1.4018154071590225
validation	foil_delta	0.0	0				yptar	3e-05	0.1	refit_svd	2741	0.8235736497704381	1.9725954542629047	1.3862959653279252	1.3862959653279252
validation	foil_delta	0.0	0				yptar	0.0001	0.5	full_svd	2741	0.8232834574256834	1.9828155511840557	1.4018154071590225	1.4018154071590225
validation	foil_delta	0.0	0				yptar	0.0001	0.5	refit_svd	2741	0.8241820141144922	1.9749486077489733	1.4010694423234349	1.4010694423234349
validation	foil_delta	0.0	0				yptar	3e-05	0.5	full_svd	2741	0.8232834574256834	1.9828155511840557	1.4018154071590225	1.4018154071590225
validation	foil_delta	0.0	0				yptar	3e-05	0.5	refit_svd	2741	0.8233102226134458	1.9736233897160016	1.39190777459458	1.39190777459458
validation	foil_delta	0.0	1				xptar	0.0001	0.1	full_svd	2742	1.2379927179598802	2.9178844618515565	3.072547747490615	3.072547747490615
validation	foil_delta	0.0	1				xptar	0.0001	0.1	refit_svd	2742	1.224227448514097	2.8640824759065575	3.028119861876079	3.028119861876079
validation	foil_delta	0.0	1				xptar	3e-05	0.1	full_svd	2742	1.2379927179598802	2.9178844618515565	3.072547747490615	3.072547747490615
validation	foil_delta	0.0	1				xptar	3e-05	0.1	refit_svd	2742	1.2428446310643362	2.9057741667082744	3.0657547830921135	3.0657547830921135
validation	foil_delta	0.0	1				xptar	0.0001	0.5	full_svd	2742	1.2379927179598802	2.9178844618515565	3.072547747490615	3.072547747490615
validation	foil_delta	0.0	1				xptar	0.0001	0.5	refit_svd	2742	1.41536149673855	3.148523897275193	3.8235408085586493	3.8235408085586493
validation	foil_delta	0.0	1				xptar	3e-05	0.5	full_svd	2742	1.2379927179598802	2.9178844618515565	3.072547747490615	3.072547747490615
validation	foil_delta	0.0	1				xptar	3e-05	0.5	refit_svd	2742	1.268890069235176	2.966525737100869	3.177280596585896	3.177280596585896
validation	foil_delta	0.0	1				ytar	0.0001	0.1	full_svd	2742	0.1182054412759081	0.2666808283613751	0.026701490311972338	0.026701490311972338
validation	foil_delta	0.0	1				ytar	0.0001	0.1	refit_svd	2742	0.11855770805527349	0.26718013698436305	0.026429366339835336	0.026429366339835336
validation	foil_delta	0.0	1				ytar	3e-05	0.1	full_svd	2742	0.1182054412759081	0.2666808283613751	0.026701490311972338	0.026701490311972338
validation	foil_delta	0.0	1				ytar	3e-05	0.1	refit_svd	2742	0.11880835971669898	0.2662176533107582	0.02658513645364359	0.02658513645364359
validation	foil_delta	0.0	1				ytar	0.0001	0.5	full_svd	2742	0.1182054412759081	0.2666808283613751	0.026701490311972338	0.026701490311972338
validation	foil_delta	0.0	1				ytar	0.0001	0.5	refit_svd	2742	0.11894005304895372	0.26803998643709204	0.026581608345104365	0.026581608345104365
validation	foil_delta	0.0	1				ytar	3e-05	0.5	full_svd	2742	0.1182054412759081	0.2666808283613751	0.026701490311972338	0.026701490311972338
validation	foil_delta	0.0	1				ytar	3e-05	0.5	refit_svd	2742	0.12009223863055453	0.26841884169479374	0.026478955004224262	0.026478955004224262
validation	foil_delta	0.0	1				yptar	0.0001	0.1	full_svd	2742	0.8164206719391467	1.9492554031929368	1.378247222950501	1.378247222950501
validation	foil_delta	0.0	1				yptar	0.0001	0.1	refit_svd	2742	0.8164708967677465	1.9446485886290912	1.3644087422120559	1.3644087422120559
validation	foil_delta	0.0	1				yptar	3e-05	0.1	full_svd	2742	0.8164206719391467	1.9492554031929368	1.378247222950501	1.378247222950501
validation	foil_delta	0.0	1				yptar	3e-05	0.1	refit_svd	2742	0.807087837200151	1.9425823828781437	1.3714731083391873	1.3714731083391873
validation	foil_delta	0.0	1				yptar	0.0001	0.5	full_svd	2742	0.8164206719391467	1.9492554031929368	1.378247222950501	1.378247222950501
validation	foil_delta	0.0	1				yptar	0.0001	0.5	refit_svd	2742	0.8300307575011159	1.9473500579587617	1.3943697312370655	1.3943697312370655
validation	foil_delta	0.0	1				yptar	3e-05	0.5	full_svd	2742	0.8164206719391467	1.9492554031929368	1.378247222950501	1.378247222950501
validation	foil_delta	0.0	1				yptar	3e-05	0.5	refit_svd	2742	0.8133185628947455	1.9462353173427647	1.3717539304539672	1.3717539304539672
validation	foil_delta	0.0	2				xptar	0.0001	0.1	full_svd	2742	1.0338470391495664	2.459442520597077	2.1536460109710025	2.1536460109710025
validation	foil_delta	0.0	2				xptar	0.0001	0.1	refit_svd	2742	1.002436286136249	2.4208076338404	2.1386961208652666	2.1386961208652666
validation	foil_delta	0.0	2				xptar	3e-05	0.1	full_svd	2742	1.0338470391495664	2.459442520597077	2.1536460109710025	2.1536460109710025
validation	foil_delta	0.0	2				xptar	3e-05	0.1	refit_svd	2742	1.014908329027707	2.4399301512718483	2.169027260272046	2.169027260272046
validation	foil_delta	0.0	2				xptar	0.0001	0.5	full_svd	2742	1.0338470391495664	2.459442520597077	2.1536460109710025	2.1536460109710025
validation	foil_delta	0.0	2				xptar	0.0001	0.5	refit_svd	2742	1.0873341476203902	2.6100950883900915	2.4730028554292662	2.4730028554292662
validation	foil_delta	0.0	2				xptar	3e-05	0.5	full_svd	2742	1.0338470391495664	2.459442520597077	2.1536460109710025	2.1536460109710025
validation	foil_delta	0.0	2				xptar	3e-05	0.5	refit_svd	2742	1.0547999535214632	2.4449630695992455	2.2207933050728683	2.2207933050728683
validation	foil_delta	0.0	2				ytar	0.0001	0.1	full_svd	2742	0.08068622710568164	0.18570873624116632	0.012606424075138303	0.012606424075138303
validation	foil_delta	0.0	2				ytar	0.0001	0.1	refit_svd	2742	0.08077046423710507	0.18353653583982873	0.012632853007359144	0.012632853007359144
validation	foil_delta	0.0	2				ytar	3e-05	0.1	full_svd	2742	0.08068622710568164	0.18570873624116632	0.012606424075138303	0.012606424075138303
validation	foil_delta	0.0	2				ytar	3e-05	0.1	refit_svd	2742	0.08098777842133335	0.18527869570069863	0.012649301104172039	0.012649301104172039
validation	foil_delta	0.0	2				ytar	0.0001	0.5	full_svd	2742	0.08068622710568164	0.18570873624116632	0.012606424075138303	0.012606424075138303
validation	foil_delta	0.0	2				ytar	0.0001	0.5	refit_svd	2742	0.0819439270854592	0.18990032366837084	0.013065895052595634	0.013065895052595634
validation	foil_delta	0.0	2				ytar	3e-05	0.5	full_svd	2742	0.08068622710568164	0.18570873624116632	0.012606424075138303	0.012606424075138303
validation	foil_delta	0.0	2				ytar	3e-05	0.5	refit_svd	2742	0.08159671910760602	0.18507988104502504	0.012620289023019232	0.012620289023019232
validation	foil_delta	0.0	2				yptar	0.0001	0.1	full_svd	2742	0.7292818620752021	1.7180827470122135	1.0889685492146581	1.0889685492146581
validation	foil_delta	0.0	2				yptar	0.0001	0.1	refit_svd	2742	0.7314266096303752	1.7333583751204076	1.0917172685198209	1.0917172685198209
validation	foil_delta	0.0	2				yptar	3e-05	0.1	full_svd	2742	0.7292818620752021	1.7180827470122135	1.0889685492146581	1.0889685492146581
validation	foil_delta	0.0	2				yptar	3e-05	0.1	refit_svd	2742	0.7303213285484966	1.7190029164980127	1.0858702955302988	1.0858702955302988
validation	foil_delta	0.0	2				yptar	0.0001	0.5	full_svd	2742	0.7292818620752021	1.7180827470122135	1.0889685492146581	1.0889685492146581
validation	foil_delta	0.0	2				yptar	0.0001	0.5	refit_svd	2742	0.7411153617858484	1.7486350528040278	1.123098675710693	1.123098675710693
validation	foil_delta	0.0	2				yptar	3e-05	0.5	full_svd	2742	0.7292818620752021	1.7180827470122135	1.0889685492146581	1.0889685492146581
validation	foil_delta	0.0	2				yptar	3e-05	0.5	refit_svd	2742	0.7440378856220249	1.7457134585172196	1.1175505615398276	1.1175505615398276
validation	foil_delta	0.0	3				xptar	0.0001	0.1	full_svd	2741	0.9096053289652863	2.1588501906716977	1.6975357409633205	1.6975357409633205
validation	foil_delta	0.0	3				xptar	0.0001	0.1	refit_svd	2741	0.9130830046162192	2.1966637078575033	1.7528167299022557	1.7528167299022557
validation	foil_delta	0.0	3				xptar	3e-05	0.1	full_svd	2741	0.9096053289652863	2.1588501906716977	1.6975357409633205	1.6975357409633205
validation	foil_delta	0.0	3				xptar	3e-05	0.1	refit_svd	2741	0.9166309940108643	2.1865911865720857	1.7392842923344518	1.7392842923344518
validation	foil_delta	0.0	3				xptar	0.0001	0.5	full_svd	2741	0.9096053289652863	2.1588501906716977	1.6975357409633205	1.6975357409633205
validation	foil_delta	0.0	3				xptar	0.0001	0.5	refit_svd	2741	0.9332519471830989	2.1689836126998623	1.7468304548293139	1.7468304548293139
validation	foil_delta	0.0	3				xptar	3e-05	0.5	full_svd	2741	0.9096053289652863	2.1588501906716977	1.6975357409633205	1.6975357409633205
validation	foil_delta	0.0	3				xptar	3e-05	0.5	refit_svd	2741	0.9182803356095476	2.1747354774568035	1.7291764292200202	1.7291764292200202
validation	foil_delta	0.0	3				ytar	0.0001	0.1	full_svd	2741	0.06927102291332467	0.15255546596786848	0.008870156996178167	0.008870156996178167
validation	foil_delta	0.0	3				ytar	0.0001	0.1	refit_svd	2741	0.06981638446062752	0.15525742396998604	0.008924193444849382	0.008924193444849382
validation	foil_delta	0.0	3				ytar	3e-05	0.1	full_svd	2741	0.06927102291332467	0.15255546596786848	0.008870156996178167	0.008870156996178167
validation	foil_delta	0.0	3				ytar	3e-05	0.1	refit_svd	2741	0.07034458247349266	0.15305765900053686	0.008918821150841586	0.008918821150841586
validation	foil_delta	0.0	3				ytar	0.0001	0.5	full_svd	2741	0.06927102291332467	0.15255546596786848	0.008870156996178167	0.008870156996178167
validation	foil_delta	0.0	3				ytar	0.0001	0.5	refit_svd	2741	0.07028844654635756	0.15511226438578046	0.00905115499508003	0.00905115499508003
validation	foil_delta	0.0	3				ytar	3e-05	0.5	full_svd	2741	0.06927102291332467	0.15255546596786848	0.008870156996178167	0.008870156996178167
validation	foil_delta	0.0	3				ytar	3e-05	0.5	refit_svd	2741	0.06877912163782032	0.15202796234998567	0.008772560253748287	0.008772560253748287
validation	foil_delta	0.0	3				yptar	0.0001	0.1	full_svd	2741	0.6375365161874271	1.4980430708287225	0.8323420580794416	0.8323420580794416
validation	foil_delta	0.0	3				yptar	0.0001	0.1	refit_svd	2741	0.650113017194403	1.5155384022916143	0.8465812062414952	0.8465812062414952
validation	foil_delta	0.0	3				yptar	3e-05	0.1	full_svd	2741	0.6375365161874271	1.4980430708287225	0.8323420580794416	0.8323420580794416
validation	foil_delta	0.0	3				yptar	3e-05	0.1	refit_svd	2741	0.6392787372312553	1.5080055811132425	0.839541595410124	0.839541595410124
validation	foil_delta	0.0	3				yptar	0.0001	0.5	full_svd	2741	0.6375365161874271	1.4980430708287225	0.8323420580794416	0.8323420580794416
validation	foil_delta	0.0	3				yptar	0.0001	0.5	refit_svd	2741	0.6504352139471287	1.5235298226969236	0.8616083520354909	0.8616083520354909
validation	foil_delta	0.0	3				yptar	3e-05	0.5	full_svd	2741	0.6375365161874271	1.4980430708287225	0.8323420580794416	0.8323420580794416
validation	foil_delta	0.0	3				yptar	3e-05	0.5	refit_svd	2741	0.6501734211654762	1.5223230872285662	0.8604012201920823	0.8604012201920823
validation	foil_delta	0.0	4				xptar	0.0001	0.1	full_svd	2741	0.8474610869155172	1.9778037148084766	1.4221411691454864	1.4221411691454864
validation	foil_delta	0.0	4				xptar	0.0001	0.1	refit_svd	2741	0.8518140791357425	2.025240589072344	1.4848280620216263	1.4848280620216263
validation	foil_delta	0.0	4				xptar	3e-05	0.1	full_svd	2741	0.8474610869155172	1.9778037148084766	1.4221411691454864	1.4221411691454864
validation	foil_delta	0.0	4				xptar	3e-05	0.1	refit_svd	2741	0.8267516213279792	1.9930834891241211	1.4250135654775677	1.4250135654775677
validation	foil_delta	0.0	4				xptar	0.0001	0.5	full_svd	2741	0.8474610869155172	1.9778037148084766	1.4221411691454864	1.4221411691454864
validation	foil_delta	0.0	4				xptar	0.0001	0.5	refit_svd	2741	0.8478339491468229	2.062205876765845	1.4960670584846483	1.4960670584846483
validation	foil_delta	0.0	4				xptar	3e-05	0.5	full_svd	2741	0.8474610869155172	1.9778037148084766	1.4221411691454864	1.4221411691454864
validation	foil_delta	0.0	4				xptar	3e-05	0.5	refit_svd	2741	0.8822510618775661	2.0926469708470696	1.6126624896982018	1.6126624896982018
validation	foil_delta	0.0	4				ytar	0.0001	0.1	full_svd	2741	0.08895762008589558	0.2111406036440182	0.015927450444516027	0.015927450444516027
validation	foil_delta	0.0	4				ytar	0.0001	0.1	refit_svd	2741	0.08892482919067059	0.21049767836461325	0.016136631347015793	0.016136631347015793
validation	foil_delta	0.0	4				ytar	3e-05	0.1	full_svd	2741	0.08895762008589558	0.2111406036440182	0.015927450444516027	0.015927450444516027
validation	foil_delta	0.0	4				ytar	3e-05	0.1	refit_svd	2741	0.08821287445681068	0.21066127962212833	0.01602087679071714	0.01602087679071714
validation	foil_delta	0.0	4				ytar	0.0001	0.5	full_svd	2741	0.08895762008589558	0.2111406036440182	0.015927450444516027	0.015927450444516027
validation	foil_delta	0.0	4				ytar	0.0001	0.5	refit_svd	2741	0.08935525412212317	0.20835896288249334	0.016266265995716168	0.016266265995716168
validation	foil_delta	0.0	4				ytar	3e-05	0.5	full_svd	2741	0.08895762008589558	0.2111406036440182	0.015927450444516027	0.015927450444516027
validation	foil_delta	0.0	4				ytar	3e-05	0.5	refit_svd	2741	0.0892086419614081	0.21228157338312884	0.016213286059201717	0.016213286059201717
validation	foil_delta	0.0	4				yptar	0.0001	0.1	full_svd	2741	0.5509296234285852	1.3502931926651085	0.6575680348864416	0.6575680348864416
validation	foil_delta	0.0	4				yptar	0.0001	0.1	refit_svd	2741	0.5640150851737885	1.352599285286308	0.6650104146368889	0.6650104146368889
validation	foil_delta	0.0	4				yptar	3e-05	0.1	full_svd	2741	0.5509296234285852	1.3502931926651085	0.6575680348864416	0.6575680348864416
validation	foil_delta	0.0	4				yptar	3e-05	0.1	refit_svd	2741	0.5657027226638606	1.3502862531246038	0.6631591571927323	0.6631591571927323
validation	foil_delta	0.0	4				yptar	0.0001	0.5	full_svd	2741	0.5509296234285852	1.3502931926651085	0.6575680348864416	0.6575680348864416
validation	foil_delta	0.0	4				yptar	0.0001	0.5	refit_svd	2741	0.5613467436461662	1.3504486018127073	0.6615327492291836	0.6615327492291836
validation	foil_delta	0.0	4				yptar	3e-05	0.5	full_svd	2741	0.5509296234285852	1.3502931926651085	0.6575680348864416	0.6575680348864416
validation	foil_delta	0.0	4				yptar	3e-05	0.5	refit_svd	2741	0.5607387105992668	1.360332049105635	0.6649703274619743	0.6649703274619743
validation	foil_delta	3.0	0				xptar	0.0001	0.1	full_svd	1430	1.4709835335989587	3.54826248196674	4.701434520742109	4.701434520742109
validation	foil_delta	3.0	0				xptar	0.0001	0.1	refit_svd	1430	1.499330191598626	3.6926838613593524	4.85614172265585	4.85614172265585
validation	foil_delta	3.0	0				xptar	3e-05	0.1	full_svd	1430	1.4709835335989587	3.54826248196674	4.701434520742109	4.701434520742109
validation	foil_delta	3.0	0				xptar	3e-05	0.1	refit_svd	1430	1.4718247887374956	3.6042058621800397	4.768318454968167	4.768318454968167
validation	foil_delta	3.0	0				xptar	0.0001	0.5	full_svd	1430	1.4709835335989587	3.54826248196674	4.701434520742109	4.701434520742109
validation	foil_delta	3.0	0				xptar	0.0001	0.5	refit_svd	1430	1.7811778677940433	4.149141618758927	6.488061745213005	6.488061745213005
validation	foil_delta	3.0	0				xptar	3e-05	0.5	full_svd	1430	1.4709835335989587	3.54826248196674	4.701434520742109	4.701434520742109
validation	foil_delta	3.0	0				xptar	3e-05	0.5	refit_svd	1430	1.5591122343536048	3.7975396627334965	5.2190799343528385	5.2190799343528385
validation	foil_delta	3.0	0				ytar	0.0001	0.1	full_svd	1430	0.13062963146872977	0.30156661271290186	0.03390243339958932	0.03390243339958932
validation	foil_delta	3.0	0				ytar	0.0001	0.1	refit_svd	1430	0.1328204082115779	0.3046473664894559	0.03439132647458755	0.03439132647458755
validation	foil_delta	3.0	0				ytar	3e-05	0.1	full_svd	1430	0.13062963146872977	0.30156661271290186	0.03390243339958932	0.03390243339958932
validation	foil_delta	3.0	0				ytar	3e-05	0.1	refit_svd	1430	0.13246779332707453	0.3030008736404775	0.034106132916453015	0.034106132916453015
validation	foil_delta	3.0	0				ytar	0.0001	0.5	full_svd	1430	0.13062963146872977	0.30156661271290186	0.03390243339958932	0.03390243339958932
validation	foil_delta	3.0	0				ytar	0.0001	0.5	refit_svd	1430	0.12992038972699563	0.30486031553548376	0.0346450131087824	0.0346450131087824
validation	foil_delta	3.0	0				ytar	3e-05	0.5	full_svd	1430	0.13062963146872977	0.30156661271290186	0.03390243339958932	0.03390243339958932
validation	foil_delta	3.0	0				ytar	3e-05	0.5	refit_svd	1430	0.13423602082678326	0.309116295040245	0.035211417817653023	0.035211417817653023
validation	foil_delta	3.0	0				yptar	0.0001	0.1	full_svd	1430	0.8434495920729606	2.0260552259911293	1.4914196504715937	1.4914196504715937
validation	foil_delta	3.0	0				yptar	0.0001	0.1	refit_svd	1430	0.8448441440564851	2.044006138104919	1.504880105694027	1.504880105694027
validation	foil_delta	3.0	0				yptar	3e-05	0.1	full_svd	1430	0.8434495920729606	2.0260552259911293	1.4914196504715937	1.4914196504715937
validation	foil_delta	3.0	0				yptar	3e-05	0.1	refit_svd	1430	0.8334592362929145	2.0413285428361965	1.5011898010312832	1.5011898010312832
validation	foil_delta	3.0	0				yptar	0.0001	0.5	full_svd	1430	0.8434495920729606	2.0260552259911293	1.4914196504715937	1.4914196504715937
validation	foil_delta	3.0	0				yptar	0.0001	0.5	refit_svd	1430	0.8450317935836507	2.043912156471121	1.4863096842102792	1.4863096842102792
validation	foil_delta	3.0	0				yptar	3e-05	0.5	full_svd	1430	0.8434495920729606	2.0260552259911293	1.4914196504715937	1.4914196504715937
validation	foil_delta	3.0	0				yptar	3e-05	0.5	refit_svd	1430	0.8286560317943714	2.0640732865063267	1.4948615540966206	1.4948615540966206
validation	foil_delta	3.0	1				xptar	0.0001	0.1	full_svd	3189	1.220478151832953	2.861649308645508	3.006110269050529	3.006110269050529
validation	foil_delta	3.0	1				xptar	0.0001	0.1	refit_svd	3189	1.2506762583388982	2.8983198101780325	3.138219862322003	3.138219862322003
validation	foil_delta	3.0	1				xptar	3e-05	0.1	full_svd	3189	1.220478151832953	2.861649308645508	3.006110269050529	3.006110269050529
validation	foil_delta	3.0	1				xptar	3e-05	0.1	refit_svd	3189	1.2469364416237139	2.8700146231782644	3.0494439104039155	3.0494439104039155
validation	foil_delta	3.0	1				xptar	0.0001	0.5	full_svd	3189	1.220478151832953	2.861649308645508	3.006110269050529	3.006110269050529
validation	foil_delta	3.0	1				xptar	0.0001	0.5	refit_svd	3189	1.3686108324302837	3.2702249112018187	3.917759251700859	3.917759251700859
validation	foil_delta	3.0	1				xptar	3e-05	0.5	full_svd	3189	1.220478151832953	2.861649308645508	3.006110269050529	3.006110269050529
validation	foil_delta	3.0	1				xptar	3e-05	0.5	refit_svd	3189	1.273797879034151	3.055966665094732	3.361301129551674	3.361301129551674
validation	foil_delta	3.0	1				ytar	0.0001	0.1	full_svd	3189	0.1302669177022703	0.28293353156638706	0.02992819909887588	0.02992819909887588
validation	foil_delta	3.0	1				ytar	0.0001	0.1	refit_svd	3189	0.13054104759487015	0.2838073408729171	0.03001150051382298	0.03001150051382298
validation	foil_delta	3.0	1				ytar	3e-05	0.1	full_svd	3189	0.1302669177022703	0.28293353156638706	0.02992819909887588	0.02992819909887588
validation	foil_delta	3.0	1				ytar	3e-05	0.1	refit_svd	3189	0.12978875237575435	0.2825373242844571	0.029906363753685702	0.029906363753685702
validation	foil_delta	3.0	1				ytar	0.0001	0.5	full_svd	3189	0.1302669177022703	0.28293353156638706	0.02992819909887588	0.02992819909887588
validation	foil_delta	3.0	1				ytar	0.0001	0.5	refit_svd	3189	0.12985346182727817	0.2826057515652777	0.03005406923199844	0.03005406923199844
validation	foil_delta	3.0	1				ytar	3e-05	0.5	full_svd	3189	0.1302669177022703	0.28293353156638706	0.02992819909887588	0.02992819909887588
validation	foil_delta	3.0	1				ytar	3e-05	0.5	refit_svd	3189	0.12938192286046027	0.28607397354461994	0.030385575676799868	0.030385575676799868
validation	foil_delta	3.0	1				yptar	0.0001	0.1	full_svd	3189	0.879464930978905	2.0282151401347224	1.4951744448732132	1.4951744448732132
validation	foil_delta	3.0	1				yptar	0.0001	0.1	refit_svd	3189	0.8762554402721393	2.043939161780232	1.497758422350659	1.497758422350659
validation	foil_delta	3.0	1				yptar	3e-05	0.1	full_svd	3189	0.879464930978905	2.0282151401347224	1.4951744448732132	1.4951744448732132
validation	foil_delta	3.0	1				yptar	3e-05	0.1	refit_svd	3189	0.8782468009685095	2.034343815085832	1.5005980904934244	1.5005980904934244
validation	foil_delta	3.0	1				yptar	0.0001	0.5	full_svd	3189	0.879464930978905	2.0282151401347224	1.4951744448732132	1.4951744448732132
validation	foil_delta	3.0	1				yptar	0.0001	0.5	refit_svd	3189	0.8694682226110537	2.0275447352266416	1.4981189212724346	1.4981189212724346
validation	foil_delta	3.0	1				yptar	3e-05	0.5	full_svd	3189	0.879464930978905	2.0282151401347224	1.4951744448732132	1.4951744448732132
validation	foil_delta	3.0	1				yptar	3e-05	0.5	refit_svd	3189	0.8744454321278254	2.044784460995999	1.5018624693077236	1.5018624693077236
validation	foil_delta	3.0	2				xptar	0.0001	0.1	full_svd	4547	1.0196212793261403	2.3800016281373026	2.0863240595550385	2.0863240595550385
validation	foil_delta	3.0	2				xptar	0.0001	0.1	refit_svd	4547	1.0397527561170836	2.420168630480366	2.1817717646336097	2.1817717646336097
validation	foil_delta	3.0	2				xptar	3e-05	0.1	full_svd	4547	1.0196212793261403	2.3800016281373026	2.0863240595550385	2.0863240595550385
validation	foil_delta	3.0	2				xptar	3e-05	0.1	refit_svd	4547	1.0333335678445839	2.3872149281108785	2.1146710148400856	2.1146710148400856
validation	foil_delta	3.0	2				xptar	0.0001	0.5	full_svd	4547	1.0196212793261403	2.3800016281373026	2.0863240595550385	2.0863240595550385
validation	foil_delta	3.0	2				xptar	0.0001	0.5	refit_svd	4547	1.1516398807189034	2.675189613832063	2.648439174285836	2.648439174285836
validation	foil_delta	3.0	2				xptar	3e-05	0.5	full_svd	4547	1.0196212793261403	2.3800016281373026	2.0863240595550385	2.0863240595550385
validation	foil_delta	3.0	2				xptar	3e-05	0.5	refit_svd	4547	1.0702629658849874	2.5271489159692297	2.3199075977471795	2.3199075977471795
validation	foil_delta	3.0	2				ytar	0.0001	0.1	full_svd	4547	0.08220896744253843	0.1924188052381531	0.013524408722750946	0.013524408722750946
validation	foil_delta	3.0	2				ytar	0.0001	0.1	refit_svd	4547	0.0822164719863054	0.19236664005790216	0.013521638056497554	0.013521638056497554
validation	foil_delta	3.0	2				ytar	3e-05	0.1	full_svd	4547	0.08220896744253843	0.1924188052381531	0.013524408722750946	0.013524408722750946
validation	foil_delta	3.0	2				ytar	3e-05	0.1	refit_svd	4547	0.08300230696942704	0.19196754989926965	0.013517911123532813	0.013517911123532813
validation	foil_delta	3.0	2				ytar	0.0001	0.5	full_svd	4547	0.08220896744253843	0.1924188052381531	0.013524408722750946	0.013524408722750946
validation	foil_delta	3.0	2				ytar	0.0001	0.5	refit_svd	4547	0.08165073187721113	0.19107676693756653	0.01350585779065687	0.01350585779065687
validation	foil_delta	3.0	2				ytar	3e-05	0.5	full_svd	4547	0.08220896744253843	0.1924188052381531	0.013524408722750946	0.013524408722750946
validation	foil_delta	3.0	2				ytar	3e-05	0.5	refit_svd	4547	0.08284000149619371	0.19181689434487037	0.01360319860962529	0.01360319860962529
validation	foil_delta	3.0	2				yptar	0.0001	0.1	full_svd	4547	0.7585841305091691	1.7806097302726283	1.161128302744253	1.161128302744253
validation	foil_delta	3.0	2				yptar	0.0001	0.1	refit_svd	4547	0.758910642910303	1.7839436601737508	1.1652748124929029	1.1652748124929029
validation	foil_delta	3.0	2				yptar	3e-05	0.1	full_svd	4547	0.7585841305091691	1.7806097302726283	1.161128302744253	1.161128302744253
validation	foil_delta	3.0	2				yptar	3e-05	0.1	refit_svd	4547	0.7574864361472797	1.7906926265925223	1.1648195126334184	1.1648195126334184
validation	foil_delta	3.0	2				yptar	0.0001	0.5	full_svd	4547	0.7585841305091691	1.7806097302726283	1.161128302744253	1.161128302744253
validation	foil_delta	3.0	2				yptar	0.0001	0.5	refit_svd	4547	0.7595919260680872	1.7755092617116537	1.1633020346891898	1.1633020346891898
validation	foil_delta	3.0	2				yptar	3e-05	0.5	full_svd	4547	0.7585841305091691	1.7806097302726283	1.161128302744253	1.161128302744253
validation	foil_delta	3.0	2				yptar	3e-05	0.5	refit_svd	4547	0.7575948864583194	1.7842014895076295	1.173381541217735	1.173381541217735
validation	foil_delta	3.0	3				xptar	0.0001	0.1	full_svd	2858	0.9022918094739371	2.0805265590140167	1.6095285800400707	1.6095285800400707
validation	foil_delta	3.0	3				xptar	0.0001	0.1	refit_svd	2858	0.9164795549393301	2.144675954803439	1.6755937978498976	1.6755937978498976
validation	foil_delta	3.0	3				xptar	3e-05	0.1	full_svd	2858	0.9022918094739371	2.0805265590140167	1.6095285800400707	1.6095285800400707
validation	foil_delta	3.0	3				xptar	3e-05	0.1	refit_svd	2858	0.9014234272861528	2.1037624014967267	1.6284948608562846	1.6284948608562846
validation	foil_delta	3.0	3				xptar	0.0001	0.5	full_svd	2858	0.9022918094739371	2.0805265590140167	1.6095285800400707	1.6095285800400707
validation	foil_delta	3.0	3				xptar	0.0001	0.5	refit_svd	2858	0.9564484410664926	2.266995314312459	1.8795777839514565	1.8795777839514565
validation	foil_delta	3.0	3				xptar	3e-05	0.5	full_svd	2858	0.9022918094739371	2.0805265590140167	1.6095285800400707	1.6095285800400707
validation	foil_delta	3.0	3				xptar	3e-05	0.5	refit_svd	2858	0.9287609334601079	2.1759163481976644	1.7267384891255828	1.7267384891255828
validation	foil_delta	3.0	3				ytar	0.0001	0.1	full_svd	2858	0.06867745904604822	0.1530012232232813	0.00876828547967816	0.00876828547967816
validation	foil_delta	3.0	3				ytar	0.0001	0.1	refit_svd	2858	0.06854469618376717	0.1519073464619253	0.008782814264344515	0.008782814264344515
validation	foil_delta	3.0	3				ytar	3e-05	0.1	full_svd	2858	0.06867745904604822	0.1530012232232813	0.00876828547967816	0.00876828547967816
validation	foil_delta	3.0	3				ytar	3e-05	0.1	refit_svd	2858	0.06852269021416771	0.1535025458460243	0.008792418590146501	0.008792418590146501
validation	foil_delta	3.0	3				ytar	0.0001	0.5	full_svd	2858	0.06867745904604822	0.1530012232232813	0.00876828547967816	0.00876828547967816
validation	foil_delta	3.0	3				ytar	0.0001	0.5	refit_svd	2858	0.0702506073225515	0.154010320486867	0.009014003860728769	0.009014003860728769
validation	foil_delta	3.0	3				ytar	3e-05	0.5	full_svd	2858	0.06867745904604822	0.1530012232232813	0.00876828547967816	0.00876828547967816
validation	foil_delta	3.0	3				ytar	3e-05	0.5	refit_svd	2858	0.06790044864485892	0.15324449106175894	0.008838766825671383	0.008838766825671383
validation	foil_delta	3.0	3				yptar	0.0001	0.1	full_svd	2858	0.6509836894267576	1.5084488430923373	0.851678022109202	0.851678022109202
validation	foil_delta	3.0	3				yptar	0.0001	0.1	refit_svd	2858	0.6513048413139595	1.5034049230152822	0.8494026261573033	0.8494026261573033
validation	foil_delta	3.0	3				yptar	3e-05	0.1	full_svd	2858	0.6509836894267576	1.5084488430923373	0.851678022109202	0.851678022109202
validation	foil_delta	3.0	3				yptar	3e-05	0.1	refit_svd	2858	0.6492975958629901	1.5129227324282835	0.8420903303247894	0.8420903303247894
validation	foil_delta	3.0	3				yptar	0.0001	0.5	full_svd	2858	0.6509836894267576	1.5084488430923373	0.851678022109202	0.851678022109202
validation	foil_delta	3.0	3				yptar	0.0001	0.5	refit_svd	2858	0.645978951353847	1.5065583374812834	0.8674233943241016	0.8674233943241016
validation	foil_delta	3.0	3				yptar	3e-05	0.5	full_svd	2858	0.6509836894267576	1.5084488430923373	0.851678022109202	0.851678022109202
validation	foil_delta	3.0	3				yptar	3e-05	0.5	refit_svd	2858	0.6457540898635858	1.5166689754612814	0.8572024165705036	0.8572024165705036
validation	foil_delta	3.0	4				xptar	0.0001	0.1	full_svd	1683	0.8750078912827635	2.0676272652444747	1.5233482745770552	1.5233482745770552
validation	foil_delta	3.0	4				xptar	0.0001	0.1	refit_svd	1683	0.8993391147040231	2.0609267064450916	1.5918951879196428	1.5918951879196428
validation	foil_delta	3.0	4				xptar	3e-05	0.1	full_svd	1683	0.8750078912827635	2.0676272652444747	1.5233482745770552	1.5233482745770552
validation	foil_delta	3.0	4				xptar	3e-05	0.1	refit_svd	1683	0.8710047964143597	2.036405880886294	1.5453650057041854	1.5453650057041854
validation	foil_delta	3.0	4				xptar	0.0001	0.5	full_svd	1683	0.8750078912827635	2.0676272652444747	1.5233482745770552	1.5233482745770552
validation	foil_delta	3.0	4				xptar	0.0001	0.5	refit_svd	1683	0.8994766267748731	2.232542904240837	1.7610095353716493	1.7610095353716493
validation	foil_delta	3.0	4				xptar	3e-05	0.5	full_svd	1683	0.8750078912827635	2.0676272652444747	1.5233482745770552	1.5233482745770552
validation	foil_delta	3.0	4				xptar	3e-05	0.5	refit_svd	1683	0.914330910933181	2.216989418365005	1.7346704421810772	1.7346704421810772
validation	foil_delta	3.0	4				ytar	0.0001	0.1	full_svd	1683	0.08976971180125236	0.20132072439941606	0.015288822289310215	0.015288822289310215
validation	foil_delta	3.0	4				ytar	0.0001	0.1	refit_svd	1683	0.08932423733408931	0.19978207753145003	0.015181844308321415	0.015181844308321415
validation	foil_delta	3.0	4				ytar	3e-05	0.1	full_svd	1683	0.08976971180125236	0.20132072439941606	0.015288822289310215	0.015288822289310215
validation	foil_delta	3.0	4				ytar	3e-05	0.1	refit_svd	1683	0.0905383168719672	0.20256060936804848	0.015443249652897817	0.015443249652897817
validation	foil_delta	3.0	4				ytar	0.0001	0.5	full_svd	1683	0.08976971180125236	0.20132072439941606	0.015288822289310215	0.015288822289310215
validation	foil_delta	3.0	4				ytar	0.0001	0.5	refit_svd	1683	0.08929911728287514	0.20390871109614095	0.015607869832489374	0.015607869832489374
validation	foil_delta	3.0	4				ytar	3e-05	0.5	full_svd	1683	0.08976971180125236	0.20132072439941606	0.015288822289310215	0.015288822289310215
validation	foil_delta	3.0	4				ytar	3e-05	0.5	refit_svd	1683	0.08883522102643271	0.2016553882496299	0.015368518222114625	0.015368518222114625
validation	foil_delta	3.0	4				yptar	0.0001	0.1	full_svd	1683	0.5879830546781789	1.4094086176234883	0.7330543595656173	0.7330543595656173
validation	foil_delta	3.0	4				yptar	0.0001	0.1	refit_svd	1683	0.5921681819562822	1.4434774552788026	0.7386067140414793	0.7386067140414793
validation	foil_delta	3.0	4				yptar	3e-05	0.1	full_svd	1683	0.5879830546781789	1.4094086176234883	0.7330543595656173	0.7330543595656173
validation	foil_delta	3.0	4				yptar	3e-05	0.1	refit_svd	1683	0.5762623263437052	1.420444700375909	0.7266204267506222	0.7266204267506222
validation	foil_delta	3.0	4				yptar	0.0001	0.5	full_svd	1683	0.5879830546781789	1.4094086176234883	0.7330543595656173	0.7330543595656173
validation	foil_delta	3.0	4				yptar	0.0001	0.5	refit_svd	1683	0.6033172325881908	1.4689886203175397	0.7769578623266571	0.7769578623266571
validation	foil_delta	3.0	4				yptar	3e-05	0.5	full_svd	1683	0.5879830546781789	1.4094086176234883	0.7330543595656173	0.7330543595656173
validation	foil_delta	3.0	4				yptar	3e-05	0.5	refit_svd	1683	0.5983162833514202	1.439980276056895	0.7608885388628885	0.7608885388628885
validation	foil_delta	8.0	0				xptar	0.0001	0.1	full_svd	2742	1.2929843008590196	3.0166348024938014	3.5229911882076013	3.5229911882076013
validation	foil_delta	8.0	0				xptar	0.0001	0.1	refit_svd	2742	1.3230043769636795	3.127993837905735	3.783708667107612	3.783708667107612
validation	foil_delta	8.0	0				xptar	3e-05	0.1	full_svd	2742	1.2929843008590196	3.0166348024938014	3.5229911882076013	3.5229911882076013
validation	foil_delta	8.0	0				xptar	3e-05	0.1	refit_svd	2742	1.2925340621165113	3.05412776108951	3.564268352817926	3.564268352817926
validation	foil_delta	8.0	0				xptar	0.0001	0.5	full_svd	2742	1.2929843008590196	3.0166348024938014	3.5229911882076013	3.5229911882076013
validation	foil_delta	8.0	0				xptar	0.0001	0.5	refit_svd	2742	1.6995869462946116	4.503954036113968	8.784081486495126	8.784081486495126
validation	foil_delta	8.0	0				xptar	3e-05	0.5	full_svd	2742	1.2929843008590196	3.0166348024938014	3.5229911882076013	3.5229911882076013
validation	foil_delta	8.0	0				xptar	3e-05	0.5	refit_svd	2742	1.3775810786903728	3.4183458429528395	4.643749735876318	4.643749735876318
validation	foil_delta	8.0	0				ytar	0.0001	0.1	full_svd	2742	0.15885076504407608	0.3621001660526103	0.04776936262372467	0.04776936262372467
validation	foil_delta	8.0	0				ytar	0.0001	0.1	refit_svd	2742	0.159169121964778	0.37113106557197284	0.04976334555206113	0.04976334555206113
validation	foil_delta	8.0	0				ytar	3e-05	0.1	full_svd	2742	0.15885076504407608	0.3621001660526103	0.04776936262372467	0.04776936262372467
validation	foil_delta	8.0	0				ytar	3e-05	0.1	refit_svd	2742	0.15827263711017392	0.3658761303260155	0.048843422240598476	0.048843422240598476
validation	foil_delta	8.0	0				ytar	0.0001	0.5	full_svd	2742	0.15885076504407608	0.3621001660526103	0.04776936262372467	0.04776936262372467
validation	foil_delta	8.0	0				ytar	0.0001	0.5	refit_svd	2742	0.16790769315397489	0.3791341761205273	0.05316789641604797	0.05316789641604797
validation	foil_delta	8.0	0				ytar	3e-05	0.5	full_svd	2742	0.15885076504407608	0.3621001660526103	0.04776936262372467	0.04776936262372467
validation	foil_delta	8.0	0				ytar	3e-05	0.5	refit_svd	2742	0.16437346857449608	0.3769653708817916	0.052402586723914325	0.052402586723914325
validation	foil_delta	8.0	0				yptar	0.0001	0.1	full_svd	2742	0.9563893927893945	2.2402548645371154	1.8544920557544398	1.8544920557544398
validation	foil_delta	8.0	0				yptar	0.0001	0.1	refit_svd	2742	0.9733666946327868	2.2829884267279774	1.9120889418310296	1.9120889418310296
validation	foil_delta	8.0	0				yptar	3e-05	0.1	full_svd	2742	0.9563893927893945	2.2402548645371154	1.8544920557544398	1.8544920557544398
validation	foil_delta	8.0	0				yptar	3e-05	0.1	refit_svd	2742	0.9642378335570652	2.2781616658719246	1.8988325938590858	1.8988325938590858
validation	foil_delta	8.0	0				yptar	0.0001	0.5	full_svd	2742	0.9563893927893945	2.2402548645371154	1.8544920557544398	1.8544920557544398
validation	foil_delta	8.0	0				yptar	0.0001	0.5	refit_svd	2742	0.9624791262736319	2.322967261043578	1.9570788918921498	1.9570788918921498
validation	foil_delta	8.0	0				yptar	3e-05	0.5	full_svd	2742	0.9563893927893945	2.2402548645371154	1.8544920557544398	1.8544920557544398
validation	foil_delta	8.0	0				yptar	3e-05	0.5	refit_svd	2742	0.9654668974645106	2.304726422987112	1.93826748052788	1.93826748052788
validation	foil_delta	8.0	1				xptar	0.0001	0.1	full_svd	2741	1.0879784118769873	2.539390507905005	2.4184917905843983	2.4184917905843983
validation	foil_delta	8.0	1				xptar	0.0001	0.1	refit_svd	2741	1.1036144210329475	2.58642873880318	2.5105835672672296	2.5105835672672296
validation	foil_delta	8.0	1				xptar	3e-05	0.1	full_svd	2741	1.0879784118769873	2.539390507905005	2.4184917905843983	2.4184917905843983
validation	foil_delta	8.0	1				xptar	3e-05	0.1	refit_svd	2741	1.0866686777390444	2.5623090545987064	2.4662189695510555	2.4662189695510555
validation	foil_delta	8.0	1				xptar	0.0001	0.5	full_svd	2741	1.0879784118769873	2.539390507905005	2.4184917905843983	2.4184917905843983
validation	foil_delta	8.0	1				xptar	0.0001	0.5	refit_svd	2741	1.382624902759852	3.429044102429356	4.731545226449204	4.731545226449204
validation	foil_delta	8.0	1				xptar	3e-05	0.5	full_svd	2741	1.0879784118769873	2.539390507905005	2.4184917905843983	2.4184917905843983
validation	foil_delta	8.0	1				xptar	3e-05	0.5	refit_svd	2741	1.1413783451774788	2.7404733027267536	2.8687563548061914	2.8687563548061914
validation	foil_delta	8.0	1				ytar	0.0001	0.1	full_svd	2741	0.12784847604487315	0.311031414876135	0.03501450033389049	0.03501450033389049
validation	foil_delta	8.0	1				ytar	0.0001	0.1	refit_svd	2741	0.12994835828689394	0.31348991354105077	0.03598458328214572	0.03598458328214572
validation	foil_delta	8.0	1				ytar	3e-05	0.1	full_svd	2741	0.12784847604487315	0.311031414876135	0.03501450033389049	0.03501450033389049
validation	foil_delta	8.0	1				ytar	3e-05	0.1	refit_svd	2741	0.12951881435359272	0.313116631240941	0.035553738906292924	0.035553738906292924
validation	foil_delta	8.0	1				ytar	0.0001	0.5	full_svd	2741	0.12784847604487315	0.311031414876135	0.03501450033389049	0.03501450033389049
validation	foil_delta	8.0	1				ytar	0.0001	0.5	refit_svd	2741	0.13091950799117916	0.3192019953688953	0.03690545716848824	0.03690545716848824
validation	foil_delta	8.0	1				ytar	3e-05	0.5	full_svd	2741	0.12784847604487315	0.311031414876135	0.03501450033389049	0.03501450033389049
validation	foil_delta	8.0	1				ytar	3e-05	0.5	refit_svd	2741	0.13341434267024124	0.3178607693911692	0.037074944679221025	0.037074944679221025
validation	foil_delta	8.0	1				yptar	0.0001	0.1	full_svd	2741	0.9169754288839531	2.117187772372669	1.734294738513947	1.734294738513947
validation	foil_delta	8.0	1				yptar	0.0001	0.1	refit_svd	2741	0.9154030477916859	2.126626997880107	1.7463193071065897	1.7463193071065897
validation	foil_delta	8.0	1				yptar	3e-05	0.1	full_svd	2741	0.9169754288839531	2.117187772372669	1.734294738513947	1.734294738513947
validation	foil_delta	8.0	1				yptar	3e-05	0.1	refit_svd	2741	0.9158989671199246	2.112217554559759	1.7468010796040254	1.7468010796040254
validation	foil_delta	8.0	1				yptar	0.0001	0.5	full_svd	2741	0.9169754288839531	2.117187772372669	1.734294738513947	1.734294738513947
validation	foil_delta	8.0	1				yptar	0.0001	0.5	refit_svd	2741	0.9157914250222144	2.1464735191336333	1.7491307254177515	1.7491307254177515
validation	foil_delta	8.0	1				yptar	3e-05	0.5	full_svd	2741	0.9169754288839531	2.117187772372669	1.734294738513947	1.734294738513947
validation	foil_delta	8.0	1				yptar	3e-05	0.5	refit_svd	2741	0.9205619866820037	2.125947679188854	1.756974498157024	1.756974498157024
validation	foil_delta	8.0	2				xptar	0.0001	0.1	full_svd	2742	0.9570929609337524	2.238641112581289	1.8810156882291804	1.8810156882291804
validation	foil_delta	8.0	2				xptar	0.0001	0.1	refit_svd	2742	1.0214500302635001	2.377329363146835	2.0986591572281106	2.0986591572281106
validation	foil_delta	8.0	2				xptar	3e-05	0.1	full_svd	2742	0.9570929609337524	2.238641112581289	1.8810156882291804	1.8810156882291804
validation	foil_delta	8.0	2				xptar	3e-05	0.1	refit_svd	2742	0.989854994581249	2.2618731945939032	1.9301359749626736	1.9301359749626736
validation	foil_delta	8.0	2				xptar	0.0001	0.5	full_svd	2742	0.9570929609337524	2.238641112581289	1.8810156882291804	1.8810156882291804
validation	foil_delta	8.0	2				xptar	0.0001	0.5	refit_svd	2742	1.167907853578329	2.8656577114253823	3.0983651171404096	3.0983651171404096
validation	foil_delta	8.0	2				xptar	3e-05	0.5	full_svd	2742	0.9570929609337524	2.238641112581289	1.8810156882291804	1.8810156882291804
validation	foil_delta	8.0	2				xptar	3e-05	0.5	refit_svd	2742	1.0813427264851105	2.549083275243899	2.4213402174513545	2.4213402174513545
validation	foil_delta	8.0	2				ytar	0.0001	0.1	full_svd	2742	0.08075146107033347	0.19986951152270607	0.015420645140068167	0.015420645140068167
validation	foil_delta	8.0	2				ytar	0.0001	0.1	refit_svd	2742	0.08238487449730549	0.20294400236637916	0.015674402880478496	0.015674402880478496
validation	foil_delta	8.0	2				ytar	3e-05	0.1	full_svd	2742	0.08075146107033347	0.19986951152270607	0.015420645140068167	0.015420645140068167
validation	foil_delta	8.0	2				ytar	3e-05	0.1	refit_svd	2742	0.08228571370690946	0.20120398682620363	0.0156702071332137	0.0156702071332137
validation	foil_delta	8.0	2				ytar	0.0001	0.5	full_svd	2742	0.08075146107033347	0.19986951152270607	0.015420645140068167	0.015420645140068167
validation	foil_delta	8.0	2				ytar	0.0001	0.5	refit_svd	2742	0.08583665610867094	0.20687229201138127	0.01659069993211326	0.01659069993211326
validation	foil_delta	8.0	2				ytar	3e-05	0.5	full_svd	2742	0.08075146107033347	0.19986951152270607	0.015420645140068167	0.015420645140068167
validation	foil_delta	8.0	2				ytar	3e-05	0.5	refit_svd	2742	0.08589541604912942	0.20474853675437346	0.01608441723687978	0.01608441723687978
validation	foil_delta	8.0	2				yptar	0.0001	0.1	full_svd	2742	0.7764518773380911	1.880623741994869	1.3094695507496006	1.3094695507496006
validation	foil_delta	8.0	2				yptar	0.0001	0.1	refit_svd	2742	0.7936070179535232	1.8906779411167391	1.3104977154559287	1.3104977154559287
validation	foil_delta	8.0	2				yptar	3e-05	0.1	full_svd	2742	0.7764518773380911	1.880623741994869	1.3094695507496006	1.3094695507496006
validation	foil_delta	8.0	2				yptar	3e-05	0.1	refit_svd	2742	0.7784433274102156	1.8760961812466772	1.3107166855421093	1.3107166855421093
validation	foil_delta	8.0	2				yptar	0.0001	0.5	full_svd	2742	0.7764518773380911	1.880623741994869	1.3094695507496006	1.3094695507496006
validation	foil_delta	8.0	2				yptar	0.0001	0.5	refit_svd	2742	0.7905546980787422	1.9369393782113908	1.3615137703592843	1.3615137703592843
validation	foil_delta	8.0	2				yptar	3e-05	0.5	full_svd	2742	0.7764518773380911	1.880623741994869	1.3094695507496006	1.3094695507496006
validation	foil_delta	8.0	2				yptar	3e-05	0.5	refit_svd	2742	0.7805340565547186	1.9015990240207084	1.3235457377520092	1.3235457377520092
validation	foil_delta	8.0	3				xptar	0.0001	0.1	full_svd	2741	0.9152621251328554	2.091546770217348	1.6254619399318277	1.6254619399318277
validation	foil_delta	8.0	3				xptar	0.0001	0.1	refit_svd	2741	0.9681986898771311	2.1535516140470183	1.8031923997977037	1.8031923997977037
validation	foil_delta	8.0	3				xptar	3e-05	0.1	full_svd	2741	0.9152621251328554	2.091546770217348	1.6254619399318277	1.6254619399318277
validation	foil_delta	8.0	3				xptar	3e-05	0.1	refit_svd	2741	0.9436835498324234	2.0962445665181075	1.6633274117913306	1.6633274117913306
validation	foil_delta	8.0	3				xptar	0.0001	0.5	full_svd	2741	0.9152621251328554	2.091546770217348	1.6254619399318277	1.6254619399318277
validation	foil_delta	8.0	3				xptar	0.0001	0.5	refit_svd	2741	1.0484338041666306	2.3631116486437715	2.129187261403868	2.129187261403868
validation	foil_delta	8.0	3				xptar	3e-05	0.5	full_svd	2741	0.9152621251328554	2.091546770217348	1.6254619399318277	1.6254619399318277
validation	foil_delta	8.0	3				xptar	3e-05	0.5	refit_svd	2741	0.9510860118120898	2.2140084732905296	1.8072469205097599	1.8072469205097599
validation	foil_delta	8.0	3				ytar	0.0001	0.1	full_svd	2741	0.06908862666517475	0.15831325467028853	0.00968633203359443	0.00968633203359443
validation	foil_delta	8.0	3				ytar	0.0001	0.1	refit_svd	2741	0.07147385498501892	0.1624209046997829	0.010000650114350538	0.010000650114350538
validation	foil_delta	8.0	3				ytar	3e-05	0.1	full_svd	2741	0.06908862666517475	0.15831325467028853	0.00968633203359443	0.00968633203359443
validation	foil_delta	8.0	3				ytar	3e-05	0.1	refit_svd	2741	0.07053190664505216	0.1619563653818901	0.009977209413014474	0.009977209413014474
validation	foil_delta	8.0	3				ytar	0.0001	0.5	full_svd	2741	0.06908862666517475	0.15831325467028853	0.00968633203359443	0.00968633203359443
validation	foil_delta	8.0	3				ytar	0.0001	0.5	refit_svd	2741	0.0746417711317636	0.17171433171667555	0.011238185000389554	0.011238185000389554
validation	foil_delta	8.0	3				ytar	3e-05	0.5	full_svd	2741	0.06908862666517475	0.15831325467028853	0.00968633203359443	0.00968633203359443
validation	foil_delta	8.0	3				ytar	3e-05	0.5	refit_svd	2741	0.07330254031780586	0.1683511554123461	0.01078059683423873	0.01078059683423873
validation	foil_delta	8.0	3				yptar	0.0001	0.1	full_svd	2741	0.6476228125162804	1.5254734585781107	0.8290322025851554	0.8290322025851554
validation	foil_delta	8.0	3				yptar	0.0001	0.1	refit_svd	2741	0.6481475677284632	1.5345640422504718	0.8387846299452502	0.8387846299452502
validation	foil_delta	8.0	3				yptar	3e-05	0.1	full_svd	2741	0.6476228125162804	1.5254734585781107	0.8290322025851554	0.8290322025851554
validation	foil_delta	8.0	3				yptar	3e-05	0.1	refit_svd	2741	0.640492095592431	1.5338416003716424	0.835951430126786	0.835951430126786
validation	foil_delta	8.0	3				yptar	0.0001	0.5	full_svd	2741	0.6476228125162804	1.5254734585781107	0.8290322025851554	0.8290322025851554
validation	foil_delta	8.0	3				yptar	0.0001	0.5	refit_svd	2741	0.6383323165940584	1.5538366426885892	0.8661086485760507	0.8661086485760507
validation	foil_delta	8.0	3				yptar	3e-05	0.5	full_svd	2741	0.6476228125162804	1.5254734585781107	0.8290322025851554	0.8290322025851554
validation	foil_delta	8.0	3				yptar	3e-05	0.5	refit_svd	2741	0.6378519308903267	1.5299509297424905	0.8476249076904138	0.8476249076904138
validation	foil_delta	8.0	4				xptar	0.0001	0.1	full_svd	2741	0.863684502808007	2.0204787742149897	1.4995736809783176	1.4995736809783176
validation	foil_delta	8.0	4				xptar	0.0001	0.1	refit_svd	2741	0.8730743924950789	2.054120388118464	1.580328697517597	1.580328697517597
validation	foil_delta	8.0	4				xptar	3e-05	0.1	full_svd	2741	0.863684502808007	2.0204787742149897	1.4995736809783176	1.4995736809783176
validation	foil_delta	8.0	4				xptar	3e-05	0.1	refit_svd	2741	0.8687555064341851	2.019877995419934	1.5000894243786853	1.5000894243786853
validation	foil_delta	8.0	4				xptar	0.0001	0.5	full_svd	2741	0.863684502808007	2.0204787742149897	1.4995736809783176	1.4995736809783176
validation	foil_delta	8.0	4				xptar	0.0001	0.5	refit_svd	2741	0.922109927220506	2.189878788854127	1.7239995039399716	1.7239995039399716
validation	foil_delta	8.0	4				xptar	3e-05	0.5	full_svd	2741	0.863684502808007	2.0204787742149897	1.4995736809783176	1.4995736809783176
validation	foil_delta	8.0	4				xptar	3e-05	0.5	refit_svd	2741	0.8989468763088017	2.096916351580415	1.6710274495014081	1.6710274495014081
validation	foil_delta	8.0	4				ytar	0.0001	0.1	full_svd	2741	0.09155140916311186	0.20587834344527375	0.0161449000707239	0.0161449000707239
validation	foil_delta	8.0	4				ytar	0.0001	0.1	refit_svd	2741	0.09191725803945044	0.20844633357267398	0.016453660769544954	0.016453660769544954
validation	foil_delta	8.0	4				ytar	3e-05	0.1	full_svd	2741	0.09155140916311186	0.20587834344527375	0.0161449000707239	0.0161449000707239
validation	foil_delta	8.0	4				ytar	3e-05	0.1	refit_svd	2741	0.09048521778978069	0.20831323597944146	0.016300227715729095	0.016300227715729095
validation	foil_delta	8.0	4				ytar	0.0001	0.5	full_svd	2741	0.09155140916311186	0.20587834344527375	0.0161449000707239	0.0161449000707239
validation	foil_delta	8.0	4				ytar	0.0001	0.5	refit_svd	2741	0.09627851284481591	0.2155109240956056	0.017716112852483416	0.017716112852483416
validation	foil_delta	8.0	4				ytar	3e-05	0.5	full_svd	2741	0.09155140916311186	0.20587834344527375	0.0161449000707239	0.0161449000707239
validation	foil_delta	8.0	4				ytar	3e-05	0.5	refit_svd	2741	0.09294560451168637	0.2109369802026086	0.016805225139263105	0.016805225139263105
validation	foil_delta	8.0	4				yptar	0.0001	0.1	full_svd	2741	0.6389527902588704	1.4532422364126512	0.7840704285269232	0.7840704285269232
validation	foil_delta	8.0	4				yptar	0.0001	0.1	refit_svd	2741	0.621614227601177	1.4485395621383501	0.7884201998839333	0.7884201998839333
validation	foil_delta	8.0	4				yptar	3e-05	0.1	full_svd	2741	0.6389527902588704	1.4532422364126512	0.7840704285269232	0.7840704285269232
validation	foil_delta	8.0	4				yptar	3e-05	0.1	refit_svd	2741	0.6277091932385854	1.461852552832172	0.7903256596501382	0.7903256596501382
validation	foil_delta	8.0	4				yptar	0.0001	0.5	full_svd	2741	0.6389527902588704	1.4532422364126512	0.7840704285269232	0.7840704285269232
validation	foil_delta	8.0	4				yptar	0.0001	0.5	refit_svd	2741	0.6401966788516199	1.4785927277176063	0.8230826557219783	0.8230826557219783
validation	foil_delta	8.0	4				yptar	3e-05	0.5	full_svd	2741	0.6389527902588704	1.4532422364126512	0.7840704285269232	0.7840704285269232
validation	foil_delta	8.0	4				yptar	3e-05	0.5	refit_svd	2741	0.6308157741824645	1.456433523031944	0.7975460123977048	0.7975460123977048
